FrequentWords,Size,Frequency
"(督促,)",1,10
"(价格,)",1,2
"(各方面,)",1,2
"(好,)",1,57
"(工作,)",1,2
"(能,)",1,34
"(解答,)",1,8
"(描述,)",1,2
"(讲解,)",1,2
"(奖金,)",1,4
"(一点,)",1,2
"(爱看,)",1,2
"(饮食,)",1,2
"(促使,)",1,3
"(项目,)",1,3
"(态度好,)",1,4
"(一般,)",1,3
"(快捷,)",1,4
"(做得好,)",1,4
"(长见识,)",1,2
"(加入,)",1,2
"(提示,)",1,2
"(提前,)",1,2
"(满意,)",1,3
"(不管,)",1,2
"(老师,)",1,2
"(会上,)",1,2
"(少,)",1,4
"(我们,)",1,7
"(挂号,)",1,4
"(版块,)",1,2
"(多少,)",1,4
"(广,)",1,4
"(运动,)",1,17
"(提高,)",1,3
"(瘦身,)",1,2
"(通过,)",1,2
"(信息,)",1,6
"(问诊,)",1,6
"(收获,)",1,2
"(有问必答,)",1,3
"(仔细,)",1,2
"(全额,)",1,3
"(具体,)",1,3
"(作用,)",1,3
"(时间,)",1,2
"(常识,)",1,5
"(免费,)",1,5
"(建康,)",1,3
"(细致,)",1,2
"(治疗,)",1,3
"(需要,)",1,7
"(也好,)",1,6
"(步行,)",1,2
"(增长,)",1,2
"(赚钱,)",1,4
"(宝箱,)",1,6
"(直接,)",1,3
"(平安,)",1,20
"(合理,)",1,2
"(健康,)",1,112
"(购买,)",1,3
"(看到,)",1,2
"(给,)",1,2
"(参加,)",1,2
"(预约,)",1,2
"(帮助,)",1,5
"(还是,)",1,2
"(更新,)",1,2
"(走,)",1,4
"(方便快捷,)",1,2
"(忙,)",1,2
"(学到,)",1,10
"(不错,)",1,17
"(意识,)",1,2
"(这,)",1,2
"(夺宝,)",1,2
"(专家,)",1,3
"(健康知识,)",1,25
"(月经期,)",1,2
"(软件,)",1,7
"(起到,)",1,2
"(推荐,)",1,7
"(提醒,)",1,3
"(生活,)",1,4
"(多,)",1,32
"(值得,)",1,2
"(医疗,)",1,2
"(推广,)",1,2
"(里边,)",1,2
"(知识面,)",1,4
"(增加,)",1,7
"(并且,)",1,2
"(一个,)",1,2
"(礼品,)",1,6
"(解决,)",1,2
"(不舒服,)",1,4
"(朋友,)",1,4
"(详细,)",1,3
"(鼓励,)",1,3
"(买,)",1,4
"(效果,)",1,2
"(去,)",1,8
"(快,)",1,3
"(记经期,)",1,9
"(简单,)",1,3
"(越,)",1,2
"(!,)",1,3
"(得到,)",1,3
"(地方,)",1,2
"(人性化,)",1,2
"(办,)",1,2
"(计步器,)",1,2
"(觉得,)",1,7
"(越办,)",1,2
"(这个,)",1,4
"(可靠,)",1,2
"(哪里,)",1,2
"(祝,)",1,2
"(能够,)",1,4
"(好医生,)",1,22
"(讲座,)",1,4
"(负责,)",1,2
"(锻炼,)",1,9
"(医生,)",1,34
"(兑换,)",1,22
"(使用,)",1,2
"(普及,)",1,3
"(金币,)",1,2
"(都好,)",1,16
"(看,)",1,7
"(需,)",1,2
"(经期,)",1,2
"(养生,)",1,14
"(放心,)",1,2
"(专业,)",1,4
"(问,)",1,6
"(记步,)",1,2
"(完成,)",1,2
"(实际,)",1,2
"(想,)",1,3
"(产品,)",1,8
"(指导,)",1,5
"(耐心,)",1,7
"(在线,)",1,4
"(头条,)",1,27
"(注意,)",1,4
"(同时,)",1,3
"(计划,)",1,12
"(有益,)",1,2
"(长,)",1,2
"(知道,)",1,9
"(有用,)",1,3
"(贴心,)",1,3
"(可以,)",1,41
"(直观,)",1,2
"(及时,)",1,8
"(做的好,)",1,6
"(认可,)",1,3
"(种类,)",1,2
"(不少,)",1,3
"(步步,)",1,3
"(新,)",1,2
"(更好,)",1,4
"(医院,)",1,5
"(知识,)",1,20
"(身体,)",1,19
"(活动,)",1,4
"(情况,)",1,5
"(管家,)",1,2
"(越来越,)",1,2
"(参与,)",1,2
"(方便,)",1,28
"(喜欢,)",1,10
"(行,)",1,2
"(一下,)",1,4
"(物品,)",1,2
"(问医生,)",1,27
"(积极性,)",1,2
"(回复,)",1,3
"(没,)",1,2
"(视频,)",1,4
"(身体健康,)",1,2
"(听听,)",1,2
"(例如,)",1,2
"(准确,)",1,10
"(步步夺金,)",1,62
"(不会,)",1,2
"(文章,)",1,2
"(健身,)",1,11
"(奖品,)",1,2
"(充实,)",1,2
"(全面,)",1,15
"(赞,)",1,3
"(讲,)",1,3
"(一项,)",1,2
"(不懂,)",1,2
"(总体,)",1,4
"(受益,)",1,3
"(动力,)",1,3
"(主要,)",1,3
"(计步,)",1,8
"(怎样,)",1,2
"(栏目,)",1,2
"(不,)",1,6
"(商品,)",1,14
"(预防,)",1,4
"(激励,)",1,5
"(东西,)",1,17
"(商品质量,)",1,2
"(夺金,)",1,7
"(疾病,)",1,7
"(实惠,)",1,3
"(信息量,)",1,2
"(直播,)",1,36
"(实用,)",1,12
"(回答,)",1,2
"(随时,)",1,6
"(关注,)",1,2
"(大,)",1,3
"(app,)",1,2
"(奖励,)",1,9
"(一种,)",1,2
"(症状,)",1,2
"(保健,)",1,7
"(问题,)",1,14
"(平时,)",1,2
"(步,)",1,3
"(不好,)",1,2
"(物美价廉,)",1,2
"(2,)",1,2
"(1,)",1,2
"(不用,)",1,3
"(介绍,)",1,6
"(病情,)",1,2
"(看看,)",1,2
"(换购,)",1,2
"(健康金,)",1,4
"(语音,)",1,2
"(内容,)",1,14
"(发生,)",1,2
"(各个方面,)",1,2
"(丰富,)",1,12
"(没有,)",1,4
"(了解,)",1,19
"(锻炼身体,)",1,11
"(商城,)",1,27
"(跑,)",1,2
"(吃,)",1,2
"(地图,)",1,2
"(里面,)",1,5
"(咨询,)",1,18
"(新闻,)",1,4
"(功能全,)",1,2
"(走步,)",1,5
"(换,)",1,2
"(病人,)",1,2
"(走路,)",1,13
"(资讯,)",1,11
"(看病,)",1,2
"(来说,)",1,2
"(点,)",1,3
"(服务,)",1,4
"(各种,)",1,5
"(夺,)",1,2
"(质量,)",1,3
"(兑换, 可以)",2,5
"(兑换, 礼品)",2,5
"(步步夺金, 好医生)",2,5
"(指导, 知识)",2,2
"(换, 东西)",2,2
"(好, 也好)",2,2
"(平安, 能)",2,5
"(好, 平安)",2,8
"(可以, 商品)",2,2
"(问医生, 能)",2,3
"(好, 经期)",2,2
"(注意, 可以)",2,2
"(普及, 丰富)",2,2
"(步步夺金, 直播)",2,11
"(养生, 健康)",2,11
"(可以, 好医生)",2,4
"(商城, 提醒)",2,2
"(多, 直播)",2,4
"(直播, 看)",2,6
"(记经期, 头条)",2,2
"(问医生, 直播)",2,5
"(问医生, 不舒服)",2,2
"(参与, 健康)",2,2
"(好, 商城)",2,4
"(步步夺金, 能)",2,13
"(都好, 喜欢)",2,2
"(好, 健身)",2,4
"(好, 物品)",2,2
"(吃, 健康)",2,2
"(多, 能)",2,10
"(可以, 督促)",2,3
"(问, 不舒服)",2,2
"(商品, 方便)",2,2
"(商品, 健康)",2,6
"(常识, 介绍)",2,2
"(直播, 需要)",2,2
"(都好, 各个方面)",2,2
"(都好, 咨询)",2,2
"(步步夺金, 加入)",2,2
"(做的好, 健康)",2,4
"(好, 计步)",2,3
"(东西, 需要)",2,3
"(不, 健康)",2,2
"(觉得, 健康)",2,4
"(这个, 健康)",2,2
"(商城, 方便)",2,6
"(了解, 方便)",2,2
"(例如, 头条)",2,2
"(都好, 内容)",2,2
"(疾病, 治疗)",2,3
"(丰富, 健康)",2,2
"(好, 问医生)",2,4
"(走路, 方便)",2,3
"(问, 健康)",2,2
"(准确, 计步)",2,4
"(夺金, 好医生)",2,2
"(问诊, 医生)",2,2
"(好医生, 东西)",2,2
"(可以, 在线)",2,2
"(咨询, 能)",2,4
"(好, 好医生)",2,7
"(夺金, 健康知识)",2,2
"(兑换, 走路)",2,2
"(了解, 能)",2,7
"(运动, 了解)",2,3
"(也好, 东西)",2,4
"(多, 督促)",2,2
"(商城, 运动)",2,2
"(好, 喜欢)",2,4
"(可以, 平安)",2,2
"(好, 东西)",2,4
"(服务, 医生)",2,2
"(免费, 头条)",2,2
"(可以, 宝箱)",2,2
"(好, 直播)",2,10
"(问医生, 头条)",2,5
"(促使, 能)",2,2
"(视频, 头条)",2,3
"(各种, 计步)",2,2
"(买, 东西)",2,2
"(贴心, 健康)",2,2
"(购买, 需要)",2,2
"(预防, 治疗)",2,2
"(解答, 健康)",2,3
"(问医生, 健康知识)",2,2
"(好, 能)",2,8
"(看到, 健康)",2,2
"(都好, 平安)",2,4
"(多, 可以)",2,8
"(介绍, 健康)",2,3
"(实用, 健康知识)",2,2
"(喜欢, 好医生)",2,3
"(多, 朋友)",2,2
"(可以, 不懂)",2,2
"(平安, 锻炼身体)",2,2
"(身体, 医生)",2,2
"(步步夺金, 我们)",2,3
"(专业, 健康)",2,2
"(好医生, 能)",2,6
"(快, 兑换)",2,2
"(知识, 健康)",2,14
"(里边, 健康)",2,2
"(商城, 可以)",2,3
"(多, 问医生)",2,3
"(并且, 知识)",2,2
"(多, 医生)",2,5
"(好, 不错)",2,4
"(问题, 好医生)",2,3
"(瘦身, 健康)",2,2
"(步步夺金, 问医生)",2,6
"(准确, 医生)",2,2
"(实用, 方便)",2,3
"(步步夺金, 医生)",2,4
"(我们, 平安)",2,4
"(方便, 医生)",2,6
"(新闻, 健康)",2,2
"(疾病, 健康)",2,3
"(预防, 商品)",2,2
"(提醒, 方便)",2,2
"(知识, 知道)",2,2
"(直播, 走路)",2,4
"(疾病, 直播)",2,3
"(2, 医生)",2,2
"(需要, 能)",2,3
"(都好, 长)",2,2
"(咨询, 好医生)",2,3
"(问医生, 都好)",2,2
"(督促, 能)",2,4
"(健身, 去)",2,2
"(越来越, 祝)",2,2
"(回答, 问医生)",2,2
"(问, 可以)",2,4
"(多, 不会)",2,2
"(不, 知道)",2,2
"(问题, 头条)",2,2
"(态度好, 能)",2,2
"(身体, 养生)",2,2
"(知识面, 广)",2,3
"(普及, 推广)",2,2
"(随时, 能)",2,2
"(运动, 健康)",2,4
"(直播, 健身)",2,3
"(多, 有用)",2,2
"(兑换, 及时)",2,2
"(了解, 健康)",2,11
"(不错, 可以)",2,4
"(商城, 健康)",2,18
"(医院, 问医生)",2,3
"(好医生, 工作)",2,2
"(好医生, 越办)",2,2
"(提醒, 健康)",2,2
"(直播, 并且)",2,2
"(问医生, 治疗)",2,2
"(身体, 方便)",2,3
"(咨询, 健康)",2,8
"(实际, 实用)",2,2
"(好, 丰富)",2,3
"(负责, 医生)",2,2
"(好, 可以)",2,4
"(平安, 喜欢)",2,4
"(走路, 好医生)",2,2
"(锻炼身体, 好医生)",2,2
"(都好, 里面)",2,2
"(哪里, 不舒服)",2,2
"(健康知识, 锻炼)",2,2
"(直播, 实惠)",2,2
"(计划, 问医生)",2,2
"(效果, 能)",2,2
"(问医生, 耐心)",2,2
"(直播, 锻炼身体)",2,2
"(好, 病人)",2,2
"(直播, 喜欢)",2,3
"(好, 健康)",2,22
"(问, 好医生)",2,2
"(好, 赞)",2,2
"(步步夺金, 方便)",2,3
"(认可, 健康)",2,2
"(步步夺金, 增加)",2,2
"(健康金, 锻炼身体)",2,2
"(好, 办)",2,2
"(帮助, 健康)",2,3
"(推荐, 丰富)",2,2
"(步步夺金, 准确)",2,3
"(去, 喜欢)",2,2
"(锻炼, 走步)",2,2
"(学到, 健康)",2,7
"(步步夺金, 各种)",2,2
"(好医生, 解决)",2,2
"(步步夺金, 记经期)",2,3
"(记经期, 准确)",2,2
"(软件, 健康)",2,2
"(兑换, 能)",2,2
"(医院, 不用)",2,3
"(走路, 医生)",2,2
"(态度好, 及时)",2,2
"(平安, 好医生)",2,18
"(健康知识, 走步)",2,2
"(兑换, 商品)",2,6
"(讲解, 步步夺金)",2,2
"(好, 问)",2,2
"(步步夺金, 觉得)",2,2
"(方便, 增加)",2,3
"(朋友, 学到)",2,2
"(可以, 软件)",2,3
"(健康金, 东西)",2,2
"(忙, 工作)",2,2
"(直播, 头条)",2,7
"(挂号, 预约)",2,2
"(可以, 直接)",2,2
"(商城, 了解)",2,2
"(预防, 疾病)",2,4
"(步步夺金, 看)",2,2
"(健康知识, 好医生)",2,2
"(越, 健康)",2,2
"(问医生, 好医生)",2,4
"(走路, 平安)",2,3
"(方便, 不用)",2,2
"(夺金, 需要)",2,2
"(挂号, 好医生)",2,2
"(走, 知道)",2,2
"(可以, 计步)",2,2
"(走路, 可以)",2,2
"(奖励, 能)",2,2
"(越, 平安)",2,2
"(兑换, 喜欢)",2,2
"(步步夺金, 商城)",2,7
"(健身, 丰富)",2,2
"(视频, 例如)",2,2
"(宝箱, 活动)",2,2
"(多, 商城)",2,2
"(走路, 耐心)",2,2
"(看看, 健康)",2,2
"(朋友, 知识)",2,2
"(都好, 随时)",2,2
"(计划, 商品)",2,2
"(步步夺金, 走路)",2,4
"(好, 我们)",2,2
"(好, 头条)",2,3
"(医生, 健康)",2,10
"(锻炼身体, 督促)",2,2
"(不错, 商品)",2,2
"(推荐, 健康)",2,3
"(指导, 健康)",2,4
"(记经期, 身体)",2,2
"(知识, 养生)",2,2
"(步步夺金, 鼓励)",2,3
"(走路, 锻炼身体)",2,3
"(不, 医生)",2,2
"(可以, 医生)",2,11
"(步步夺金, 换购)",2,2
"(步步夺金, 动力)",2,2
"(去, 平安)",2,2
"(多, 里边)",2,2
"(走步, 健康)",2,3
"(直播, 好医生)",2,5
"(步步夺金, 锻炼身体)",2,5
"(兑换, 步步夺金)",2,7
"(问医生, 不用)",2,2
"(医生, 头条)",2,3
"(直播, 去)",2,2
"(实惠, 健康)",2,3
"(好, 情况)",2,2
"(好, 越来越)",2,2
"(看, 医生)",2,4
"(问诊, 健康)",2,2
"(激励, 锻炼身体)",2,2
"(实用, 养生)",2,2
"(问医生, 平安)",2,3
"(不, 方便)",2,2
"(直播, 里面)",2,3
"(去, 好医生)",2,2
"(挂号, 平安)",2,2
"(好, 记经期)",2,2
"(视频, 健康)",2,3
"(商城, 也好)",2,2
"(同时, 身体)",2,2
"(商城, 买)",2,2
"(走路, 了解)",2,2
"(平安, 头条)",2,5
"(了解, 买)",2,2
"(实用, 健康)",2,6
"(还是, 医生)",2,2
"(问, 身体)",2,2
"(走路, 健康金)",2,2
"(同时, 收获)",2,2
"(不错, 及时)",2,2
"(哪里, 问)",2,2
"(头条, 走步)",2,2
"(身体, 注意)",2,3
"(步步夺金, 也好)",2,2
"(多, 平安)",2,5
"(可以, 看)",2,2
"(头条, 能)",2,7
"(各种, 可以)",2,3
"(怎样, 健康)",2,2
"(各种, 能)",2,2
"(问题, 有用)",2,2
"(问, 医生)",2,3
"(知识, 医生)",2,4
"(运动, 方便)",2,2
"(多, 头条)",2,8
"(走路, 能)",2,4
"(多, 学到)",2,7
"(方便, 经期)",2,2
"(好, 走路)",2,3
"(多, 意识)",2,2
"(步步, 健康)",2,2
"(好, app)",2,2
"(1, 医生)",2,2
"(多, 产品)",2,2
"(走路, 东西)",2,3
"(实用, 能)",2,3
"(走路, 赚钱)",2,4
"(问题, 健康)",2,3
"(少, 能)",2,2
"(好医生, 锻炼)",2,2
"(步步夺金, 及时)",2,2
"(医生, 能)",2,5
"(免费, 可以)",2,2
"(好, 换购)",2,2
"(步步夺金, 宝箱)",2,3
"(并且, 健康)",2,2
"(健康金, 健康)",2,2
"(锻炼身体, 实惠)",2,2
"(商城, 直播)",2,2
"(去, 不用)",2,2
"(直播, 运动)",2,2
"(知道, 健康)",2,4
"(全面, 资讯)",2,2
"(步步夺金, 实惠)",2,3
"(商品, 医生)",2,3
"(直播, 咨询)",2,2
"(好, 问诊)",2,3
"(好, 资讯)",2,2
"(可以, 能)",2,5
"(夺金, 能)",2,3
"(信息, 健康)",2,3
"(商城, 商品)",2,3
"(注意, 健康知识)",2,2
"(态度好, 专业)",2,2
"(咨询, 医生)",2,8
"(买, 也好)",2,2
"(全面, 丰富)",2,5
"(可以, 预约)",2,2
"(医生, 也好)",2,3
"(医生, 耐心)",2,4
"(随时, 医生)",2,2
"(解答, 能)",2,3
"(专业, 耐心)",2,2
"(并且, 医生)",2,2
"(增长, 健康)",2,2
"(多, 好医生)",2,6
"(一点, 能)",2,2
"(多, 讲)",2,2
"(问医生, 养生)",2,2
"(兑换, 督促)",2,3
"(疾病, 各种)",2,2
"(健康, 能)",2,17
"(方便, 好医生)",2,3
"(多, 指导)",2,2
"(督促, 少)",2,2
"(医院, 医生)",2,3
"(多, 不)",2,2
"(多, 喜欢)",2,2
"(学到, 帮助)",2,3
"(走, 健康)",2,2
"(直播, 夺金)",2,3
"(好, 祝)",2,2
"(喜欢, 方便)",2,2
"(礼品, 健康)",2,3
"(健康知识, 保健)",2,2
"(激励, 增加)",2,2
"(宝箱, 夺宝)",2,2
"(好, 意识)",2,2
"(身体, 了解)",2,2
"(好, 版块)",2,2
"(有用, 医生)",2,2
"(问诊, 人性化)",2,2
"(平安, 锻炼)",2,2
"(身体, 咨询)",2,3
"(可以, 养生)",2,2
"(主要, 健康)",2,2
"(增加, 需要)",2,2
"(耐心, 健康)",2,2
"(医生, 养生)",2,3
"(方便, 需要)",2,2
"(听听, 健康)",2,2
"(好, 时间)",2,2
"(好, 及时)",2,2
"(平安, 问题)",2,2
"(好医生, 头条)",2,5
"(多, 内容)",2,3
"(学到, 好医生)",2,2
"(医生, 看病)",2,2
"(兑换, 商城)",2,3
"(方便, 介绍)",2,2
"(兑换, 东西)",2,7
"(奖励, 商品)",2,2
"(步步夺金, 喜欢)",2,3
"(好, 身体)",2,4
"(步步夺金, 咨询)",2,4
"(多, 吃)",2,2
"(多, 健身)",2,2
"(需要, 健康)",2,4
"(可以, 完成)",2,2
"(疾病, 商品)",2,2
"(方便, 耐心)",2,2
"(好, 这个)",2,4
"(赞, 健康)",2,2
"(平安, 医生)",2,6
"(身体, 头条)",2,2
"(做得好, 健康)",2,2
"(医生, 觉得)",2,2
"(好, 健康知识)",2,2
"(好, 挂号)",2,2
"(步步夺金, 资讯)",2,2
"(方便, 有用)",2,2
"(产品, 夺金)",2,2
"(动力, 健康)",2,2
"(身体, 问医生)",2,4
"(身体, 健康知识)",2,2
"(身体, 都好)",2,2
"(生活, 健康)",2,2
"(直播, 医生)",2,8
"(咨询, 也好)",2,2
"(计划, 能)",2,3
"(走路, 软件)",2,2
"(督促, 锻炼)",2,4
"(准确, 可以)",2,2
"(提前, 知道)",2,2
"(步步夺金, 越办)",2,2
"(详细, 介绍)",2,2
"(身体, 好医生)",2,5
"(好, 产品)",2,2
"(解答, 耐心)",2,2
"(去, 医生)",2,2
"(商城, 健康知识)",2,3
"(效果, 健康)",2,2
"(健康知识, 了解)",2,11
"(健康知识, 督促)",2,2
"(都好, 好医生)",2,4
"(好, 奖励)",2,2
"(步, 多少)",2,2
"(直播, 平安)",2,5
"(可以, 解答)",2,2
"(激励, 健康)",2,2
"(激励, 直播)",2,2
"(步步夺金, 商品)",2,4
"(直播, 可以)",2,5
"(平安, 解答)",2,2
"(步步夺金, 知识)",2,3
"(激励, 走步)",2,2
"(信息量, 大)",2,2
"(注意, 了解)",2,2
"(兑换, 不错)",2,4
"(多少, 走)",2,2
"(问医生, 医生)",2,4
"(健身, 受益)",2,2
"(好医生, 不舒服)",2,2
"(病情, 医生)",2,2
"(步步夺金, 可以)",2,11
"(全面, 健康知识)",2,2
"(好, 内容)",2,4
"(可以, 知识)",2,4
"(兑换, 也好)",2,3
"(医生, 解答)",2,6
"(锻炼身体, 能)",2,4
"(多, 健康)",2,18
"(平安, 里边)",2,2
"(多, 看到)",2,2
"(准确, 健康)",2,2
"(步步夺金, 健康)",2,28
"(好, 咨询)",2,3
"(多, 帮助)",2,2
"(步步夺金, 了解)",2,2
"(在线, 问题)",2,2
"(有用, 健康)",2,2
"(平安, 专业)",2,2
"(好, 还是)",2,2
"(记经期, 健康知识)",2,2
"(多, 运动)",2,4
"(多, 健康知识)",2,5
"(督促, 东西)",2,2
"(提前, 方便)",2,2
"(好, 各种)",2,2
"(步步夺金, 健康知识)",2,2
"(丰富, 内容)",2,8
"(及时, 健康)",2,5
"(健康知识, 方便)",2,2
"(问医生, 方便)",2,5
"(多, 并且)",2,2
"(好医生, 养生)",2,2
"(方便, 能)",2,2
"(预防, 健康)",2,2
"(不错, 医生)",2,2
"(哪里, 身体)",2,2
"(身体, 平安)",2,5
"(多, 了解)",2,10
"(功能全, 方便)",2,2
"(多, 知道)",2,2
"(管家, 健康)",2,2
"(好, 实用)",2,4
"(不, 知识)",2,2
"(好, 觉得)",2,3
"(奖励, 健康)",2,2
"(平安, 越办)",2,2
"(奖励, 赞)",2,2
"(步步夺金, 越)",2,2
"(咨询, 不舒服)",2,2
"(计划, 效果)",2,2
"(知识, 有用)",2,2
"(好, 走步)",2,3
"(医生, 不用)",2,2
"(问, 直播)",2,2
"(夺金, 知识)",2,2
"(直播, 了解)",2,3
"(方便, 这个)",2,2
"(推荐, 值得)",2,2
"(好, 总体)",2,2
"(走路, 健康知识)",2,2
"(专家, 通过)",2,2
"(健身, 健康)",2,4
"(好, 越办)",2,2
"(好, 知识)",2,5
"(健身, 喜欢)",2,2
"(商城, 实用)",2,3
"(运动, 加入)",2,2
"(健康知识, 软件)",2,2
"(计划, 健康)",2,12
"(身体, 耐心)",2,2
"(问医生, 去)",2,2
"(商城, 医生)",2,2
"(身体, 一个)",2,2
"(医院, 可以)",2,2
"(好, 提醒)",2,2
"(健身, 内容)",2,2
"(东西, 能)",2,2
"(步步夺金, 都好)",2,4
"(走步, 能)",2,3
"(方便, 健康)",2,7
"(步步夺金, 这)",2,2
"(直播, 也好)",2,4
"(资讯, 健康)",2,9
"(直播, 能)",2,5
"(更好, 健康)",2,3
"(作用, 可以)",2,2
"(也好, 健康)",2,4
"(知识, 头条)",2,3
"(直播, 东西)",2,2
"(养生, 头条)",2,2
"(保健, 健康)",2,4
"(激励, 夺金)",2,2
"(夺金, 资讯)",2,2
"(1, 2)",2,2
"(知识, 好医生)",2,5
"(随时, 咨询)",2,2
"(好, 运动)",2,4
"(运动, 督促)",2,2
"(直播, 知识)",2,4
"(平安, 养生)",2,2
"(头条, 认可)",2,2
"(喜欢, 知识)",2,2
"(记经期, 方便)",2,5
"(可以, 锻炼)",2,4
"(例如, 健康)",2,2
"(提示, 健康)",2,2
"(夺宝, 健康)",2,2
"(健康知识, 健康)",2,9
"(医生, 买)",2,2
"(注意, 情况)",2,2
"(商城, 解答)",2,2
"(知识, 能)",2,5
"(指导, 管家)",2,2
"(问题, 了解)",2,3
"(好医生, 健康)",2,11
"(动力, 资讯)",2,2
"(运动, 医生)",2,2
"(购买, 增加)",2,2
"(步步夺金, 夺宝)",2,2
"(步步夺金, 实用)",2,2
"(可以, 健康知识)",2,3
"(步步夺金, 运动)",2,7
"(直播, 宝箱)",2,2
"(走路, 健康)",2,5
"(好, 越)",2,2
"(走路, 看)",2,2
"(身体, 不舒服)",2,4
"(夺金, 可以)",2,3
"(购买, 方便)",2,2
"(主要, 医生)",2,2
"(病人, 医生)",2,2
"(步步夺金, 做得好)",2,2
"(商城, 物美价廉)",2,2
"(我们, 健康)",2,3
"(多少, 知道)",2,3
"(疾病, 问医生)",2,2
"(好, 宝箱)",2,3
"(步步夺金, 锻炼)",2,6
"(身体, 能)",2,3
"(好医生, 专业)",2,2
"(好, 讲座)",2,2
"(赚钱, 能)",2,2
"(步步夺金, 问题)",2,2
"(好, 参加)",2,2
"(不, 可以)",2,4
"(直播, 怎样)",2,2
"(购买, 健康)",2,2
"(步步夺金, 身体)",2,4
"(各种, 健康)",2,2
"(好, 没有)",2,2
"(疾病, 健身)",2,2
"(经期, 这个)",2,2
"(平安, 咨询)",2,2
"(不错, 也好)",2,2
"(内容, 健康)",2,2
"(好, 学到)",2,3
"(在线, 医生)",2,3
"(多, 问题)",2,3
"(全面, 内容)",2,8
"(问医生, 及时)",2,2
"(问, 能)",2,2
"(问题, 方便)",2,4
"(运动, 喜欢)",2,2
"(运动, 健身)",2,3
"(都好, 耐心)",2,2
"(步步夺金, 礼品)",2,3
"(夺金, 平安)",2,2
"(都好, 推荐)",2,2
"(平安, 东西)",2,3
"(多, 礼品)",2,2
"(情况, 可以)",2,4
"(步步夺金, 不错)",2,4
"(可以, 健康)",2,9
"(促使, 锻炼)",2,2
"(平安, 健康)",2,12
"(喜欢, 医生)",2,2
"(计划, 商城)",2,2
"(全额, 健康)",2,2
"(多, 方便)",2,2
"(直播, 走步)",2,2
"(不错, 直播)",2,3
"(多, 步步夺金)",2,4
"(问题, 医生)",2,6
"(直播, 买)",2,2
"(学到, 头条)",2,3
"(我们, 知识)",2,4
"(健康知识, 能)",2,6
"(锻炼身体, 健康)",2,4
"(软件, 能)",2,2
"(多, 我们)",2,2
"(好, 准确)",2,3
"(可以, 随时)",2,4
"(情况, 医生)",2,2
"(可以, 方便)",2,6
"(问医生, 健康)",2,13
"(都好, 健康)",2,5
"(可以, 头条)",2,2
"(好, 讲)",2,2
"(买, 健康)",2,2
"(锻炼, 能)",2,6
"(平安, 知识)",2,5
"(直播, 软件)",2,3
"(好医生, 觉得)",2,2
"(身体, 情况)",2,3
"(好, 不)",2,2
"(健康知识, 丰富)",2,2
"(商城, 不错)",2,2
"(好医生, 里边)",2,2
"(好, 疾病)",2,3
"(方便, 头条)",2,3
"(可以, 问题)",2,6
"(好医生, 软件)",2,3
"(身体, 去)",2,2
"(运动, 增加)",2,2
"(知识, 长)",2,2
"(越办, 健康)",2,2
"(好, 商品)",2,2
"(好, 督促)",2,2
"(兑换, 运动)",2,2
"(身体, 健康)",2,5
"(好医生, 耐心)",2,2
"(都好, 医生)",2,2
"(问医生, 回复)",2,2
"(步步夺金, 提醒)",2,2
"(解答, 头条)",2,2
"(步步夺金, 东西)",2,7
"(好, 鼓励)",2,2
"(物美价廉, 健康)",2,2
"(可以, 知道)",2,2
"(可以, 东西)",2,6
"(问医生, 咨询)",2,4
"(症状, 一下)",2,2
"(步步夺金, 点)",2,2
"(讲解, 医生)",2,2
"(准确, 问题)",2,2
"(免费, 健康)",2,2
"(不错, 健康)",2,4
"(好, 方便)",2,4
"(了解, 头条)",2,5
"(好, 步步夺金)",2,15
"(步步夺金, 少)",2,3
"(运动, 可以)",2,4
"(步步夺金, 全额)",2,2
"(好, 多)",2,10
"(情况, 方便)",2,2
"(多, 少)",2,2
"(问医生, 了解)",2,3
"(身体, 收获)",2,2
"(医院, 去)",2,2
"(身体, 走路)",2,2
"(商城, 问医生)",2,2
"(越, 越办)",2,2
"(快捷, 方便)",2,3
"(医生, 知道)",2,3
"(锻炼, 头条)",2,2
"(问医生, 随时)",2,2
"(不, 问题)",2,2
"(运动, 头条)",2,2
"(服务, 态度好)",2,2
"(多, 新闻)",2,2
"(多, 增加)",2,2
"(可以, 买)",2,4
"(夺, 宝箱)",2,2
"(平安, 帮助)",2,2
"(准确, 方便)",2,2
"(健康知识, 问题)",2,2
"(产品, 丰富)",2,2
"(运动, 健康知识)",2,3
"(产品, 可以)",2,2
"(可以, 想)",2,2
"(都好, 能)",2,3
"(好, 医生)",2,7
"(直播, 方便)",2,2
"(步步夺金, 不)",2,3
"(夺金, 了解)",2,2
"(全面, 健康)",2,2
"(细致, 耐心)",2,2
"(身体, 软件)",2,2
"(头条, 健康)",2,25
"(平安, 学到)",2,2
"(专家, 听听)",2,2
"(产品, 健康)",2,7
"(平安, 耐心)",2,3
"(都好, 各方面)",2,2
"(步步夺金, 奖励)",2,2
"(兑换, 直播)",2,2
"(锻炼, 健康)",2,4
"(计步, 健康)",2,3
"(步步夺金, 养生)",2,2
"(好医生, 帮助)",2,2
"(多, 怎样)",2,2
"(东西, 少)",2,2
"(多, 养生)",2,2
"(多, 解答)",2,2
"(医生, 好医生)",2,6
"(我们, 能)",2,4
"(忙, 好医生)",2,2
"(生活, 做得好)",2,2
"(都好, 头条)",2,3
"(直播, 各种)",2,2
"(问题, 能)",2,5
"(医生, 不好)",2,2
"(了解, 知识)",2,2
"(步, 知道)",2,2
"(医生, 里面)",2,4
"(奖金, 健康)",2,2
"(商城, 准确)",2,2
"(宝箱, 健康)",2,3
"(咨询, 方便)",2,2
"(好, 少)",2,2
"(点, 健康)",2,2
"(运动, 能)",2,4
"(普及, 推荐)",2,2
"(好, 栏目)",2,2
"(方便, 赚钱)",2,2
"(好, 增加)",2,3
"(专家, 健康)",2,2
"(给, 推荐)",2,2
"(头条, 新闻)",2,2
"(方便, 直接)",2,2
"(步步夺金, 督促)",2,5
"(健康知识, 新闻)",2,2
"(不错, 不少)",2,2
"(医生, 专业)",2,3
"(直播, 健康)",2,28
"(商城, 种类)",2,2
"(步步夺金, 去)",2,2
"(督促, 健康)",2,2
"(东西, 健康)",2,6
"(平安, 不舒服)",2,2
"(多, 兑换)",2,3
"(夺金, 健康)",2,6
"(步, 走)",2,2
"(去, 健康)",2,3
"(常识, 健康)",2,4
"(记经期, 健康)",2,5
"(专业, 头条)",2,2
"(夺金, 软件)",2,2
"(商城, 东西)",2,5
"(健康知识, 头条)",2,6
"(我们, 好医生)",2,4
"(问医生, 实用)",2,2
"(态度好, 医生)",2,2
"(多, 知识)",2,11
"(可以, 不舒服)",2,2
"(多, 问)",2,2
"(可以, 去)",2,2
"(挂号, 健康)",2,2
"(免费, 东西)",2,2
"(实用, 知道)",2,2
"(记经期, 好医生)",2,2
"(直播, 活动)",2,2
"(步步夺金, 走步)",2,2
"(看, 健康)",2,4
"(不, 学到)",2,2
"(问题, 知道)",2,2
"(问, 问题)",2,2
"(直播, 养生)",2,5
"(不错, 东西)",2,2
"(好, 计划)",2,3
"(挂号, 可以)",2,2
"(随时, 健康)",2,2
"(医生, 东西)",2,3
"(步步夺金, 平安)",2,5
"(运动, 夺金)",2,2
"(方便, 帮助)",2,2
"(问医生, 可以)",2,6
"(增加, 健康)",2,2
"(增加, 意识)",2,2
"(做的好, 能)",2,3
"(问, 问医生)",2,2
"(问题, 解答)",2,4
"(学到, 知识)",2,7
"(步步夺金, 头条)",2,10
"(身体, 可以)",2,8
"(步步夺金, 需要)",2,2
"(知识, 推荐)",2,2
"(做的好, 一点)",2,2
"(直播, 都好)",2,5
"(走路, 喜欢)",2,2
"(好, 推荐)",2,2
"(方便, 知道)",2,2
"(去, 养生)",2,2
"(做的好, 直播)",2,2
"(方便, 专业)",2,2
"(兑换, 健康)",2,7
"(兑换, 医生)",2,3
"(讲座, 健康)",2,2
"(步步夺金, 健身)",2,3
"(爱看, 健康)",2,2
"(好, 活动)",2,2
"(平安, 觉得)",2,2
"(步步夺金, 免费)",2,4
"(多, 奖品)",2,2
"(产品, 商城)",2,3
"(锻炼身体, 头条)",2,2
"(不, 了解)",2,2
"(可以, 了解)",2,6
"(越, 好医生)",2,2
"(商城, 不)",2,2
"(这, 健康)",2,2
"(好, 软件)",2,4
"(步步夺金, 计步)",2,3
"(好, 兑换)",2,2
"(问医生, 问题)",2,2
"(可以, 咨询)",2,4
"(步步夺金, 买)",2,2
"(兑换, 全额)",2,2
"(多, 计步)",2,2
"(好, 看)",2,2
"(医院, 方便)",2,2
"(好, 锻炼)",2,4
"(身体, 锻炼)",2,3
"(身体, 知识)",2,2
"(喜欢, 健康)",2,6
"(激励, 运动)",2,2
"(讲, 健康)",2,2
"(商城, 头条)",2,3
"(耐心, 头条)",2,2
"(方便, 软件)",2,3
"(可以, 也好)",2,2
"(健身, 养生)",2,3
"(都好, 知识)",2,2
"(多, 全面)",2,3
"(问题, 不会)",2,2
"(鼓励, 能)",2,2
"(兑换, 健康金)",2,2
"(越, 好医生, 越办)",3,2
"(多, 商城, 头条)",3,2
"(步步夺金, 免费, 头条)",3,2
"(好, 喜欢, 好医生)",3,2
"(可以, 知识, 平安)",3,2
"(步步夺金, 直播, 平安)",3,3
"(医生, 好医生, 专业)",3,2
"(医生, 可以, 好医生)",3,2
"(身体, 养生, 健康)",3,2
"(平安, 锻炼身体, 健康)",3,2
"(多, 问医生, 了解)",3,2
"(有用, 知识, 健康)",3,2
"(好医生, 东西, 健康)",3,2
"(少, 督促, 能)",3,2
"(多, 朋友, 学到)",3,2
"(直播, 健康, 走步)",3,2
"(问医生, 养生, 健康)",3,2
"(购买, 方便, 增加)",3,2
"(好医生, 知识, 健康)",3,4
"(方便, 需要, 增加)",3,2
"(兑换, 步步夺金, 商品)",3,2
"(疾病, 直播, 各种)",3,2
"(夺金, 平安, 知识)",3,2
"(多, 好, 意识)",3,2
"(越, 越办, 健康)",3,2
"(步步夺金, 我们, 好医生)",3,2
"(平安, 里边, 健康)",3,2
"(多, 学到, 帮助)",3,2
"(多, 学到, 健康)",3,5
"(多, 我们, 好医生)",3,2
"(平安, 头条, 耐心)",3,2
"(步步夺金, 宝箱, 健康)",3,2
"(促使, 锻炼, 能)",3,2
"(健康, 督促, 锻炼)",3,2
"(商城, 实用, 健康)",3,2
"(能, 锻炼, 健康)",3,4
"(直播, 并且, 健康)",3,2
"(平安, 好医生, 觉得)",3,2
"(步步夺金, 身体, 能)",3,2
"(挂号, 可以, 预约)",3,2
"(解答, 医生, 能)",3,2
"(能, 医生, 健康)",3,2
"(好, 医生, 健康)",3,3
"(问医生, 平安, 健康)",3,3
"(可以, 方便, 直接)",3,2
"(多, 学到, 知识)",3,5
"(多, 知识, 头条)",3,3
"(好, 挂号, 平安)",3,2
"(1, 2, 医生)",3,2
"(医生, 知识, 好医生)",3,2
"(可以, 买, 健康)",3,2
"(多, 知识, 了解)",3,2
"(医生, 头条, 健康)",3,3
"(运动, 可以, 方便)",3,2
"(夺金, 可以, 健康)",3,3
"(好, 觉得, 健康)",3,2
"(商城, 多, 健康)",3,2
"(好, 平安, 健康)",3,7
"(商城, 买, 了解)",3,2
"(步步夺金, 锻炼身体, 实惠)",3,2
"(好, 宝箱, 活动)",3,2
"(越, 平安, 健康)",3,2
"(身体, 好医生, 头条)",3,2
"(平安, 东西, 健康)",3,3
"(身体, 平安, 不舒服)",3,2
"(商城, 步步夺金, 可以)",3,2
"(好, 走步, 健康)",3,2
"(好, 东西, 少)",3,2
"(计划, 效果, 健康)",3,2
"(多, 可以, 了解)",3,4
"(步步夺金, 医生, 也好)",3,2
"(直播, 喜欢, 走路)",3,2
"(直播, 都好, 健康)",3,4
"(兑换, 东西, 健康)",3,3
"(兑换, 步步夺金, 不错)",3,3
"(身体, 锻炼, 能)",3,2
"(平安, 好医生, 健康)",3,11
"(知识, 医生, 头条)",3,2
"(知识, 养生, 健康)",3,2
"(医生, 方便, 问医生)",3,2
"(多, 并且, 医生)",3,2
"(好, 知识, 能)",3,2
"(平安, 知识, 能)",3,2
"(步步夺金, 好, 鼓励)",3,2
"(都好, 平安, 好医生)",3,4
"(哪里, 问, 不舒服)",3,2
"(可以, 问题, 知道)",3,2
"(疾病, 预防, 健康)",3,2
"(步步夺金, 商品, 健康)",3,2
"(步步夺金, 运动, 方便)",3,2
"(疾病, 预防, 治疗)",3,2
"(喜欢, 知识, 健康)",3,2
"(好, 直播, 知识)",3,2
"(直播, 平安, 好医生)",3,4
"(兑换, 也好, 健康)",3,2
"(多, 里边, 健康)",3,2
"(步步夺金, 知识, 健康)",3,3
"(身体, 平安, 健康)",3,4
"(方便, 专业, 健康)",3,2
"(商城, 计划, 健康)",3,2
"(直播, 能, 走步)",3,2
"(健康, 需要, 能)",3,3
"(多, 知识, 健康)",3,9
"(直播, 好医生, 头条)",3,3
"(记经期, 健康知识, 方便)",3,2
"(兑换, 步步夺金, 可以)",3,2
"(都好, 平安, 头条)",3,2
"(多, 不, 学到)",3,2
"(锻炼身体, 头条, 健康)",3,2
"(问医生, 平安, 头条)",3,2
"(多, 可以, 头条)",3,2
"(多, 平安, 头条)",3,2
"(健康知识, 了解, 问题)",3,2
"(好医生, 头条, 能)",3,3
"(锻炼, 头条, 能)",3,2
"(步步夺金, 健康知识, 能)",3,2
"(实用, 健康知识, 能)",3,2
"(步步夺金, 锻炼身体, 健康)",3,3
"(可以, 宝箱, 健康)",3,2
"(商城, 可以, 了解)",3,2
"(健康, 头条, 认可)",3,2
"(多, 少, 能)",3,2
"(直播, 看, 健康)",3,3
"(好, 步步夺金, 实用)",3,2
"(买, 也好, 东西)",3,2
"(好, 直播, 头条)",3,2
"(平安, 锻炼, 健康)",3,2
"(直播, 养生, 健康)",3,5
"(指导, 管家, 健康)",3,2
"(好, 可以, 软件)",3,3
"(好, 好医生, 越办)",3,2
"(好, 知识, 健康)",3,5
"(医生, 头条, 专业)",3,2
"(医院, 去, 不用)",3,2
"(健康知识, 了解, 头条)",3,5
"(买, 可以, 了解)",3,2
"(身体, 好医生, 不舒服)",3,2
"(解答, 头条, 健康)",3,2
"(问医生, 平安, 耐心)",3,2
"(好, 锻炼, 走步)",3,2
"(好, 头条, 能)",3,3
"(好, 步步夺金, 计步)",3,2
"(多, 知识, 医生)",3,4
"(多, 平安, 帮助)",3,2
"(多, 健康, 怎样)",3,2
"(好, 步步夺金, 健康)",3,6
"(步步夺金, 养生, 健康)",3,2
"(好, 越来越, 祝)",3,2
"(问, 不舒服, 身体)",3,2
"(疾病, 好, 各种)",3,2
"(步步夺金, 锻炼身体, 能)",3,3
"(好, 平安, 能)",3,2
"(多, 了解, 能)",3,5
"(直播, 医生, 里面)",3,3
"(兑换, 步步夺金, 礼品)",3,2
"(步步夺金, 直播, 医生)",3,2
"(可以, 医生, 随时)",3,2
"(步步夺金, 平安, 头条)",3,3
"(提前, 方便, 知道)",3,2
"(直播, 宝箱, 活动)",3,2
"(商城, 健康知识, 健康)",3,2
"(身体, 头条, 耐心)",3,2
"(夺金, 健康, 能)",3,3
"(能, 东西, 健康)",3,2
"(医生, 平安, 知识)",3,2
"(都好, 咨询, 健康)",3,2
"(步步夺金, 锻炼, 走步)",3,2
"(身体, 好医生, 养生)",3,2
"(问医生, 耐心, 身体)",3,2
"(直播, 锻炼身体, 实惠)",3,2
"(健康, 好医生, 能)",3,4
"(医生, 问题, 有用)",3,2
"(产品, 夺金, 可以)",3,2
"(锻炼, 督促, 能)",3,2
"(步步夺金, 运动, 加入)",3,2
"(购买, 方便, 需要)",3,2
"(步步夺金, 多, 知识)",3,2
"(兑换, 多, 礼品)",3,2
"(身体, 咨询, 不舒服)",3,2
"(平安, 好医生, 东西)",3,2
"(我们, 能, 健康)",3,2
"(问医生, 身体, 能)",3,2
"(直播, 知识, 健康)",3,4
"(问医生, 了解, 健康)",3,3
"(方便, 头条, 专业)",3,2
"(多, 我们, 知识)",3,2
"(宝箱, 夺宝, 健康)",3,2
"(医生, 问题, 方便)",3,4
"(走路, 方便, 赚钱)",3,2
"(兑换, 直播, 东西)",3,2
"(好, 直播, 走路)",3,2
"(好, 多, 健身)",3,2
"(好, 平安, 越办)",3,2
"(健康知识, 头条, 健康)",3,5
"(步步夺金, 锻炼, 健康)",3,3
"(例如, 头条, 健康)",3,2
"(步步夺金, 多, 能)",3,3
"(医生, 方便, 有用)",3,2
"(步步夺金, 直播, 看)",3,2
"(咨询, 可以, 医生)",3,3
"(好医生, 里边, 健康)",3,2
"(步步夺金, 平安, 好医生)",3,5
"(动力, 资讯, 健康)",3,2
"(好, 鼓励, 能)",3,2
"(好, 走路, 喜欢)",3,2
"(医院, 问医生, 不用)",3,2
"(问医生, 健康知识, 健康)",3,2
"(挂号, 平安, 好医生)",3,2
"(平安, 喜欢, 健康)",3,4
"(多, 头条, 能)",3,5
"(可以, 健康, 能)",3,2
"(好, 东西, 健康)",3,2
"(问医生, 平安, 好医生)",3,3
"(健康, 锻炼, 头条)",3,2
"(健康知识, 锻炼, 能)",3,2
"(步步夺金, 头条, 能)",3,2
"(都好, 好医生, 健康)",3,2
"(步步夺金, 好, 医生)",3,2
"(直播, 都好, 头条)",3,2
"(好, 直播, 活动)",3,2
"(解答, 医生, 耐心)",3,2
"(直播, 平安, 头条)",3,3
"(商城, 解答, 健康)",3,2
"(直播, 运动, 健康)",3,2
"(步步夺金, 好, 知识)",3,2
"(身体, 平安, 好医生)",3,5
"(都好, 好医生, 头条)",3,2
"(直播, 医生, 也好)",3,2
"(步步夺金, 咨询, 健康)",3,3
"(平安, 锻炼, 能)",3,2
"(全面, 内容, 丰富)",3,4
"(好, 直播, 医生)",3,3
"(直播, 平安, 医生)",3,2
"(直播, 了解, 能)",3,2
"(好医生, 觉得, 健康)",3,2
"(步, 走, 知道)",3,2
"(运动, 能, 健康)",3,2
"(直播, 医生, 东西)",3,2
"(好, 锻炼, 健康)",3,2
"(医生, 买, 东西)",3,2
"(能, 锻炼身体, 健康)",3,2
"(直播, 看, 医生)",3,3
"(计划, 效果, 能)",3,2
"(平安, 好医生, 越办)",3,2
"(商城, 也好, 东西)",3,2
"(医生, 方便, 好医生)",3,2
"(我们, 平安, 知识)",3,3
"(全面, 内容, 健康)",3,2
"(能, 锻炼, 走步)",3,2
"(好, 好医生, 觉得)",3,2
"(商城, 方便, 健康)",3,2
"(多, 健康知识, 了解)",3,5
"(好, 直播, 各种)",3,2
"(步步夺金, 健身, 健康)",3,2
"(好, 走路, 平安)",3,2
"(走路, 平安, 喜欢)",3,2
"(好, 直播, 可以)",3,2
"(直播, 并且, 知识)",3,2
"(并且, 知识, 健康)",3,2
"(医生, 专业, 健康)",3,2
"(喜欢, 医生, 健康)",3,2
"(健康知识, 锻炼, 督促)",3,2
"(可以, 各种, 计步)",3,2
"(我们, 知识, 能)",3,2
"(健身, 养生, 健康)",3,2
"(多, 问题, 头条)",3,2
"(多, 解答, 头条)",3,2
"(好, 直播, 宝箱)",3,2
"(步步夺金, 方便, 增加)",3,2
"(多少, 步, 走)",3,2
"(多, 督促, 少)",3,2
"(好, 我们, 健康)",3,2
"(步步夺金, 知识, 好医生)",3,2
"(医生, 方便, 头条)",3,2
"(直播, 可以, 好医生)",3,2
"(步步夺金, 好, 能)",3,5
"(步步夺金, 运动, 医生)",3,2
"(商城, 商品, 健康)",3,3
"(好, 准确, 计步)",3,2
"(夺金, 可以, 知识)",3,2
"(身体, 可以, 问医生)",3,2
"(多, 健康, 能)",3,8
"(不错, 也好, 东西)",3,2
"(好, 知识, 头条)",3,2
"(兑换, 可以, 东西)",3,2
"(医生, 知识, 知道)",3,2
"(问医生, 平安, 身体)",3,2
"(视频, 例如, 头条)",3,2
"(步步夺金, 直播, 头条)",3,3
"(步步夺金, 直播, 能)",3,2
"(走路, 可以, 软件)",3,2
"(去, 平安, 好医生)",3,2
"(步步夺金, 直播, 好)",3,2
"(可以, 督促, 锻炼)",3,2
"(喜欢, 方便, 健康)",3,2
"(步步夺金, 可以, 能)",3,2
"(锻炼身体, 实惠, 健康)",3,2
"(夺金, 知识, 健康)",3,2
"(医生, 方便, 咨询)",3,2
"(平安, 锻炼身体, 头条)",3,2
"(问医生, 头条, 健康)",3,5
"(步步夺金, 问医生, 可以)",3,2
"(直播, 平安, 走路)",3,2
"(多, 平安, 知识)",3,3
"(好, 问医生, 直播)",3,2
"(身体, 医生, 问医生)",3,2
"(兑换, 医生, 东西)",3,2
"(直播, 也好, 健康)",3,3
"(知识, 头条, 健康)",3,3
"(平安, 好医生, 学到)",3,2
"(可以, 方便, 软件)",3,2
"(我们, 平安, 健康)",3,3
"(好, 越, 平安)",3,2
"(好医生, 养生, 健康)",3,2
"(步步夺金, 头条, 健康)",3,10
"(好, 计步, 健康)",3,2
"(知识, 喜欢, 好医生)",3,2
"(步步夺金, 需要, 健康)",3,2
"(直播, 软件, 健康)",3,2
"(计划, 能, 健康)",3,3
"(能, 头条, 走步)",3,2
"(同时, 身体, 收获)",3,2
"(好, 计划, 健康)",3,3
"(医生, 咨询, 问医生)",3,2
"(去, 喜欢, 健康)",3,2
"(多, 好医生, 头条)",3,2
"(哪里, 问, 身体)",3,2
"(多, 全面, 内容)",3,3
"(去, 医生, 健康)",3,2
"(问医生, 健康, 能)",3,2
"(直播, 夺金, 软件)",3,2
"(多, 方便, 医生)",3,2
"(好, 平安, 好医生)",3,6
"(学到, 帮助, 健康)",3,2
"(直播, 运动, 能)",3,2
"(平安, 学到, 帮助)",3,2
"(走路, 平安, 好医生)",3,2
"(问医生, 好医生, 方便)",3,2
"(好, 我们, 好医生)",3,2
"(好, 医生, 能)",3,2
"(越, 好医生, 健康)",3,2
"(健康, 头条, 能)",3,7
"(多, 问题, 方便)",3,2
"(运动, 头条, 健康)",3,2
"(好医生, 平安, 咨询)",3,2
"(步步夺金, 身体, 好医生)",3,2
"(做的好, 直播, 健康)",3,2
"(医生, 知识, 直播)",3,2
"(直播, 都好, 咨询)",3,2
"(步步夺金, 健康, 能)",3,6
"(好, 多, 好医生)",3,4
"(身体, 平安, 能)",3,2
"(直播, 也好, 东西)",3,2
"(商城, 产品, 健康)",3,3
"(步步夺金, 好, 好医生)",3,3
"(好, 好医生, 软件)",3,2
"(平安, 医生, 耐心)",3,2
"(多, 好, 学到)",3,3
"(健康知识, 了解, 健康)",3,5
"(身体, 可以, 能)",3,2
"(普及, 推荐, 丰富)",3,2
"(步步夺金, 医生, 健康)",3,2
"(直播, 医生, 养生)",3,2
"(医生, 知识, 健康)",3,3
"(好, 越, 越办)",3,2
"(步步夺金, 运动, 能)",3,3
"(好, 平安, 喜欢)",3,3
"(走路, 平安, 健康)",3,3
"(还是, 好, 医生)",3,2
"(多, 运动, 能)",3,3
"(直播, 运动, 头条)",3,2
"(身体, 平安, 耐心)",3,2
"(问医生, 不舒服, 身体)",3,2
"(好, 平安, 知识)",3,3
"(步步夺金, 问医生, 头条)",3,2
"(问医生, 好医生, 医生)",3,2
"(多, 问医生, 头条)",3,2
"(商城, 提醒, 方便)",3,2
"(好, 步步夺金, 走步)",3,2
"(夺金, 平安, 好医生)",3,2
"(专家, 听听, 健康)",3,2
"(喜欢, 好医生, 平安)",3,3
"(好, 问, 可以)",3,2
"(多, 直播, 好)",3,2
"(可以, 知识, 健康)",3,3
"(步步夺金, 直播, 健康)",3,9
"(好, 步步夺金, 东西)",3,2
"(步步夺金, 健康, 走步)",3,2
"(步步夺金, 东西, 能)",3,2
"(多, 吃, 健康)",3,2
"(知识, 平安, 好医生)",3,5
"(问题, 解答, 能)",3,3
"(步步夺金, 直播, 锻炼身体)",3,2
"(养生, 头条, 健康)",3,2
"(走路, 东西, 健康)",3,2
"(多, 知识, 能)",3,4
"(学到, 头条, 健康)",3,3
"(步步夺金, 知识, 能)",3,2
"(平安, 觉得, 健康)",3,2
"(耐心, 头条, 健康)",3,2
"(好, 身体, 软件)",3,2
"(多, 不, 知识)",3,2
"(忙, 好医生, 工作)",3,2
"(多, 直播, 知识)",3,2
"(医院, 方便, 不用)",3,2
"(越, 平安, 越办)",3,2
"(问医生, 好医生, 健康)",3,3
"(问医生, 耐心, 健康)",3,2
"(可以, 头条, 健康)",3,2
"(直播, 医生, 健康)",3,4
"(问医生, 好医生, 耐心)",3,2
"(步步夺金, 好, 越办)",3,2
"(多, 平安, 好医生)",3,5
"(步步夺金, 好医生, 锻炼)",3,2
"(好, 直播, 软件)",3,2
"(健身, 内容, 丰富)",3,2
"(身体, 好医生, 健康)",3,4
"(问医生, 了解, 头条)",3,2
"(可以, 健康知识, 健康)",3,2
"(买, 可以, 医生)",3,2
"(可以, 了解, 健康)",3,4
"(我们, 知识, 健康)",3,3
"(好, 平安, 头条)",3,2
"(问医生, 健康知识, 头条)",3,2
"(商城, 可以, 健康)",3,2
"(可以, 锻炼, 能)",3,3
"(直播, 头条, 走步)",3,2
"(多, 并且, 知识)",3,2
"(挂号, 平安, 健康)",3,2
"(多, 问题, 有用)",3,2
"(好医生, 锻炼身体, 头条)",3,2
"(好, 运动, 能)",3,2
"(兑换, 走路, 东西)",3,2
"(问医生, 头条, 身体)",3,2
"(好, 实用, 健康)",3,4
"(步步夺金, 身体, 锻炼)",3,2
"(多, 步步夺金, 好)",3,3
"(身体, 可以, 不舒服)",3,2
"(多少, 步, 知道)",3,2
"(好, 好医生, 头条)",3,2
"(平安, 医生, 头条)",3,2
"(步步夺金, 好医生, 越办)",3,2
"(身体, 去, 平安)",3,2
"(商品, 医生, 健康)",3,3
"(步步夺金, 直播, 健身)",3,2
"(多, 方便, 有用)",3,2
"(步步夺金, 健身, 去)",3,2
"(步步夺金, 商城, 不)",3,2
"(商城, 兑换, 健康)",3,2
"(直播, 实惠, 健康)",3,2
"(好, 直播, 健康)",3,7
"(好, 商城, 健康)",3,3
"(多, 平安, 能)",3,2
"(步步夺金, 可以, 东西)",3,4
"(步步夺金, 平安, 能)",3,3
"(可以, 直播, 看)",3,2
"(步步夺金, 这, 健康)",3,2
"(步步夺金, 实惠, 健康)",3,3
"(好, 喜欢, 知识)",3,2
"(可以, 好医生, 平安)",3,2
"(兑换, 可以, 商品)",3,2
"(兑换, 督促, 东西)",3,2
"(步步夺金, 好, 商品)",3,2
"(步步夺金, 可以, 也好)",3,2
"(身体, 平安, 头条)",3,2
"(情况, 可以, 方便)",3,2
"(平安, 好医生, 不舒服)",3,2
"(步步夺金, 医生, 东西)",3,2
"(夺金, 需要, 健康)",3,2
"(都好, 头条, 健康)",3,3
"(平安, 好医生, 耐心)",3,2
"(好, 商城, 步步夺金)",3,2
"(问, 可以, 医生)",3,2
"(多, 步步夺金, 健康)",3,2
"(问医生, 可以, 随时)",3,2
"(态度好, 医生, 能)",3,2
"(好医生, 锻炼, 健康)",3,2
"(直播, 平安, 喜欢)",3,2
"(好, 走路, 可以)",3,2
"(朋友, 学到, 知识)",3,2
"(好, 记经期, 身体)",3,2
"(好, 资讯, 健康)",3,2
"(多, 问医生, 健康)",3,2
"(步步夺金, 可以, 方便)",3,2
"(步步夺金, 锻炼, 能)",3,4
"(多, 问医生, 好医生)",3,2
"(方便, 头条, 健康)",3,3
"(医生, 咨询, 能)",3,2
"(步步夺金, 看, 健康)",3,2
"(健康知识, 锻炼, 健康)",3,2
"(步步夺金, 我们, 知识)",3,2
"(商城, 物美价廉, 健康)",3,2
"(多, 健康知识, 能)",3,2
"(直播, 能, 健康)",3,5
"(多, 朋友, 知识)",3,2
"(兑换, 不错, 东西)",3,2
"(好, 越, 好医生)",3,2
"(平安, 耐心, 健康)",3,2
"(多, 督促, 能)",3,2
"(医生, 也好, 东西)",3,3
"(步步夺金, 不, 可以)",3,2
"(步步夺金, 身体, 健康)",3,2
"(好, 步步夺金, 少)",3,2
"(步步夺金, 平安, 越办)",3,2
"(多, 好医生, 里边)",3,2
"(步步夺金, 督促, 能)",3,3
"(医生, 买, 也好)",3,2
"(好, 直播, 看)",3,2
"(多, 知识, 知道)",3,2
"(越, 平安, 好医生)",3,2
"(好, 运动, 健康)",3,2
"(步步夺金, 可以, 问题)",3,2
"(多少, 走, 知道)",3,2
"(直播, 可以, 软件)",3,2
"(多, 问医生, 问)",3,2
"(多, 步步夺金, 运动)",3,3
"(多, 学到, 好医生)",3,2
"(可以, 锻炼, 健康)",3,2
"(步步夺金, 好, 越)",3,2
"(多, 增加, 意识)",3,2
"(医生, 解答, 健康)",3,2
"(疾病, 问医生, 治疗)",3,2
"(平安, 头条, 健康)",3,5
"(兑换, 医生, 健康)",3,2
"(医生, 养生, 健康)",3,3
"(商城, 准确, 健康)",3,2
"(可以, 买, 也好)",3,2
"(步步夺金, 都好, 健康)",3,2
"(看, 医生, 健康)",3,2
"(多, 直播, 医生)",3,3
"(好, 多, 健康)",3,5
"(我们, 平安, 能)",3,3
"(好, 多, 增加)",3,2
"(夺金, 需要, 能)",3,2
"(也好, 东西, 健康)",3,2
"(商城, 问医生, 健康)",3,2
"(医生, 方便, 健康)",3,2
"(了解, 头条, 健康)",3,4
"(多, 平安, 医生)",3,2
"(商城, 头条, 健康)",3,3
"(多, 看到, 健康)",3,2
"(多, 问医生, 健康知识)",3,2
"(平安, 知识, 健康)",3,4
"(好医生, 医生, 头条)",3,2
"(好, 好医生, 能)",3,2
"(平安, 好医生, 能)",3,5
"(都好, 医生, 耐心)",3,2
"(直播, 锻炼身体, 健康)",3,2
"(产品, 可以, 健康)",3,2
"(知识, 可以, 好医生)",3,2
"(实用, 养生, 健康)",3,2
"(步步夺金, 买, 也好)",3,2
"(步步夺金, 资讯, 健康)",3,2
"(步步夺金, 记经期, 健康)",3,2
"(好, 可以, 方便)",3,2
"(好医生, 头条, 耐心)",3,2
"(步步夺金, 免费, 健康)",3,2
"(可以, 医生, 问题)",3,4
"(喜欢, 好医生, 健康)",3,3
"(好, 直播, 好医生)",3,4
"(直播, 平安, 知识)",3,2
"(身体, 注意, 可以)",3,2
"(健康知识, 督促, 能)",3,2
"(步步夺金, 好医生, 健康)",3,5
"(步步夺金, 夺宝, 健康)",3,2
"(兑换, 礼品, 健康)",3,2
"(多, 好医生, 健康)",3,4
"(步步夺金, 买, 医生)",3,2
"(直播, 夺金, 能)",3,2
"(平安, 好医生, 专业)",3,2
"(平安, 健康, 能)",3,4
"(直播, 头条, 能)",3,3
"(医院, 医生, 不用)",3,2
"(好, 身体, 可以)",3,2
"(多, 平安, 学到)",3,2
"(可以, 头条, 健康知识)",3,2
"(好医生, 锻炼身体, 健康)",3,2
"(兑换, 健康金, 东西)",3,2
"(好, 及时, 健康)",3,2
"(知识, 头条, 能)",3,3
"(健康, 能, 走步)",3,3
"(哪里, 身体, 不舒服)",3,2
"(好, 平安, 东西)",3,2
"(兑换, 医生, 也好)",3,2
"(好, 增加, 意识)",3,2
"(直播, 平安, 健康)",3,5
"(多, 好, 运动)",3,2
"(多, 好, 医生)",3,2
"(步步夺金, 商城, 东西)",3,2
"(记经期, 头条, 健康)",3,2
"(平安, 医生, 喜欢)",3,2
"(好, 疾病, 健身)",3,2
"(可以, 平安, 健康)",3,2
"(夺金, 健康知识, 健康)",3,2
"(夺金, 软件, 健康)",3,2
"(步步夺金, 我们, 平安)",3,2
"(直播, 可以, 医生)",3,3
"(问, 好医生, 问医生)",3,2
"(问, 可以, 问题)",3,2
"(多, 我们, 健康)",3,2
"(多, 好医生, 医生)",3,3
"(好, 喜欢, 健康)",3,4
"(好, 多, 我们)",3,2
"(可以, 医生, 东西)",3,2
"(步步夺金, 走路, 健康)",3,2
"(好, 平安, 医生)",3,3
"(多, 计步, 健康)",3,2
"(步步夺金, 越, 平安)",3,2
"(好, 平安, 觉得)",3,2
"(去, 养生, 健康)",3,2
"(直播, 夺金, 健康)",3,3
"(步步夺金, 运动, 可以)",3,3
"(了解, 知识, 健康)",3,2
"(好, 步步夺金, 头条)",3,2
"(商城, 步步夺金, 健康)",3,4
"(方便, 不, 了解)",3,2
"(好, 这个, 健康)",3,2
"(步步夺金, 好, 锻炼)",3,3
"(步步夺金, 直播, 好医生)",3,3
"(好, 方便, 软件)",3,2
"(好, 直播, 平安)",3,4
"(好, 挂号, 好医生)",3,2
"(可以, 问题, 能)",3,3
"(医生, 平安, 好医生)",3,4
"(问医生, 好医生, 身体)",3,2
"(去, 医生, 养生)",3,2
"(兑换, 不错, 可以)",3,2
"(多, 医生, 能)",3,2
"(健康知识, 了解, 能)",3,4
"(问医生, 可以, 医生)",3,2
"(不, 可以, 了解)",3,2
"(多, 解答, 健康)",3,2
"(商城, 不, 可以)",3,2
"(能, 知识, 健康)",3,5
"(医生, 方便, 不用)",3,2
"(好, 好医生, 健康)",3,6
"(问医生, 好医生, 头条)",3,2
"(购买, 增加, 需要)",3,2
"(好, 走路, 软件)",3,2
"(问医生, 可以, 问题)",3,2
"(多, 医生, 头条)",3,2
"(身体, 头条, 健康)",3,2
"(步步夺金, 咨询, 医生)",3,2
"(医院, 医生, 方便)",3,2
"(多, 问题, 不会)",3,2
"(直播, 好医生, 健康)",3,4
"(走路, 健康, 能)",3,2
"(问题, 医生, 能)",3,2
"(医生, 方便, 专业)",3,2
"(步步夺金, 也好, 东西)",3,2
"(好, 这个, 经期)",3,2
"(好, 看, 健康)",3,2
"(步步夺金, 越, 越办)",3,2
"(实用, 能, 健康)",3,2
"(注意, 健康知识, 了解)",3,2
"(直播, 喜欢, 健康)",3,3
"(知识, 好医生, 能)",3,2
"(走路, 好医生, 健康)",3,2
"(视频, 头条, 健康)",3,3
"(问医生, 可以, 方便)",3,2
"(步步夺金, 平安, 知识)",3,2
"(在线, 可以, 医生)",3,2
"(夺金, 了解, 健康)",3,2
"(做的好, 一点, 能)",3,2
"(直播, 好医生, 知识)",3,2
"(平安, 好医生, 养生)",3,2
"(好, 医生, 好医生)",3,2
"(多, 可以, 知识)",3,2
"(直播, 需要, 健康)",3,2
"(直播, 可以, 买)",3,2
"(免费, 头条, 健康)",3,2
"(好, 走路, 健康)",3,2
"(免费, 可以, 东西)",3,2
"(健康, 常识, 介绍)",3,2
"(健康, 咨询, 能)",3,2
"(可以, 医生, 也好)",3,2
"(好, 咨询, 健康)",3,2
"(步步夺金, 健康, 越办)",3,2
"(步步夺金, 觉得, 健康)",3,2
"(多, 兑换, 运动)",3,2
"(步步夺金, 奖励, 能)",3,2
"(好, 提醒, 健康)",3,2
"(步步夺金, 身体, 平安)",3,2
"(不错, 健康, 直播)",3,2
"(健康, 了解, 能)",3,6
"(平安, 头条, 能)",3,3
"(步步夺金, 我们, 能)",3,2
"(步步夺金, 不, 健康)",3,2
"(直播, 咨询, 健康)",3,2
"(好, 学到, 健康)",3,3
"(身体, 健康知识, 了解)",3,2
"(步步夺金, 我们, 健康)",3,2
"(走路, 了解, 身体)",3,2
"(我们, 平安, 好医生)",3,4
"(直播, 了解, 健康)",3,3
"(可以, 健康知识, 了解)",3,3
"(好, 实用, 能)",3,2
"(步步夺金, 宝箱, 夺宝)",3,2
"(都好, 随时, 能)",3,2
"(走路, 喜欢, 健康)",3,2
"(身体, 好医生, 耐心)",3,2
"(医生, 头条, 能)",3,2
"(直播, 健康, 走路)",3,3
"(平安, 健康, 越办)",3,2
"(问医生, 去, 不用)",3,2
"(好, 多, 头条)",3,2
"(好, 商品, 健康)",3,2
"(好, 医生, 咨询)",3,2
"(多, 讲, 健康)",3,2
"(步步夺金, 越, 好医生)",3,2
"(好, 直播, 也好)",3,2
"(走路, 健康金, 锻炼身体)",3,2
"(兑换, 不错, 商品)",3,2
"(知识, 夺金, 好医生)",3,2
"(身体, 情况, 可以)",3,3
"(多, 学到, 头条)",3,2
"(平安, 好医生, 帮助)",3,2
"(多, 指导, 知识)",3,2
"(好, 步步夺金, 运动)",3,2
"(步步夺金, 可以, 买)",3,2
"(夺金, 可以, 好医生)",3,2
"(身体, 耐心, 健康)",3,2
"(多, 问, 好医生)",3,2
"(多, 健康知识, 头条)",3,4
"(多, 可以, 健康)",3,5
"(都好, 平安, 健康)",3,2
"(步步夺金, 直播, 实惠)",3,2
"(身体, 平安, 养生)",3,2
"(步步夺金, 可以, 健康)",3,2
"(产品, 夺金, 健康)",3,2
"(身体, 可以, 锻炼)",3,2
"(好, 也好, 健康)",3,2
"(直播, 好医生, 能)",3,2
"(夺金, 好医生, 健康)",3,2
"(多, 直播, 健康)",3,3
"(直播, 医生, 走路)",3,2
"(多, 好医生, 帮助)",3,2
"(多, 可以, 健康知识)",3,2
"(直播, 去, 健康)",3,2
"(好医生, 锻炼, 能)",3,2
"(多, 头条, 健康)",3,7
"(平安, 好医生, 里边)",3,2
"(走路, 赚钱, 能)",3,2
"(步步夺金, 直播, 都好)",3,2
"(问, 医生, 直播)",3,2
"(夺金, 资讯, 健康)",3,2
"(多, 有用, 医生)",3,2
"(步步夺金, 平安, 锻炼)",3,2
"(可以, 也好, 东西)",3,2
"(兑换, 商城, 东西)",3,3
"(好, 方便, 经期)",3,2
"(步步夺金, 可以, 锻炼)",3,3
"(多, 健康知识, 健康)",3,3
"(问医生, 健康知识, 了解)",3,2
"(学到, 知识, 健康)",3,4
"(可以, 买, 东西)",3,2
"(好医生, 头条, 健康)",3,5
"(可以, 了解, 头条)",3,2
"(平安, 好医生, 头条)",3,5
"(好医生, 平安, 锻炼身体)",3,2
"(好, 内容, 丰富)",3,3
"(问题, 好医生, 平安)",3,2
"(商城, 不错, 健康)",3,2
"(挂号, 好医生, 健康)",3,2
"(我们, 好医生, 健康)",3,3
"(步步夺金, 督促, 锻炼)",3,3
"(多, 直播, 怎样)",3,2
"(问医生, 健康, 直播)",3,4
"(运动, 健康知识, 了解)",3,2
"(医院, 问医生, 去)",3,2
"(健康知识, 健康, 走步)",3,2
"(好, 步步夺金, 督促)",3,2
"(健康知识, 好医生, 能)",3,2
"(健康, 好医生, 越办)",3,2
"(好, 锻炼, 能)",3,2
"(好, 方便, 这个)",3,2
"(健康, 头条, 走步)",3,2
"(好, 病人, 医生)",3,2
"(记经期, 方便, 健康)",3,2
"(走路, 锻炼身体, 健康)",3,2
"(直播, 头条, 健康)",3,7
"(好, 问医生, 健康)",3,2
"(步步夺金, 越, 健康)",3,2
"(方便, 问题, 有用)",3,2
"(好, 挂号, 健康)",3,2
"(好, 我们, 知识)",3,2
"(身体, 去, 好医生)",3,2
"(多, 我们, 平安)",3,2
"(好, 头条, 健康)",3,3
"(我们, 好医生, 能)",3,3
"(夺金, 可以, 平安)",3,2
"(多, 直播, 并且)",3,2
"(直播, 好医生, 医生)",3,2
"(医生, 知识, 能)",3,2
"(好, 多, 知识)",3,4
"(多, 问医生, 可以)",3,2
"(步步夺金, 不错, 可以)",3,2
"(多, 了解, 健康)",3,8
"(问医生, 都好, 身体)",3,2
"(运动, 头条, 能)",3,2
"(多, 运动, 健康)",3,2
"(直播, 好医生, 软件)",3,2
"(了解, 头条, 能)",3,3
"(商城, 可以, 买)",3,2
"(步步夺金, 讲解, 医生)",3,2
"(做的好, 能, 健康)",3,2
"(夺金, 平安, 健康)",3,2
"(方便, 可以, 了解)",3,2
"(好医生, 医生, 健康)",3,2
"(多, 并且, 健康)",3,2
"(好, 健身, 运动)",3,2
"(步步夺金, 好, 换购)",3,2
"(平安, 医生, 专业)",3,2
"(多, 知识, 好医生)",3,3
"(医生, 并且, 知识)",3,2
"(多, 好, 能)",3,3
"(兑换, 直播, 也好)",3,2
"(兑换, 也好, 东西)",3,3
"(步步夺金, 鼓励, 能)",3,2
"(好, 督促, 锻炼)",3,2
"(好, 产品, 健康)",3,2
"(身体, 注意, 情况)",3,2
"(步步夺金, 走步, 能)",3,2
"(步步夺金, 东西, 健康)",3,2
"(多, 直播, 能)",3,2
"(好, 直播, 健身)",3,2
"(健康知识, 督促, 健康)",3,2
"(好, 可以, 好医生)",3,2
"(平安, 知识, 喜欢)",3,2
"(解答, 问题, 医生)",3,3
"(可以, 好医生, 健康)",3,2
"(多, 医生, 知道)",3,2
"(身体, 健康, 问医生)",3,2
"(直播, 看, 走路)",3,2
"(健康, 督促, 能)",3,2
"(激励, 直播, 健康)",3,2
"(平安, 好医生, 锻炼)",3,2
"(并且, 医生, 健康)",3,2
"(疾病, 直播, 健康)",3,2
"(不, 学到, 知识)",3,2
"(多, 好医生, 能)",3,2
"(好医生, 耐心, 健康)",3,2
"(健康知识, 头条, 能)",3,3
"(可以, 好医生, 软件)",3,2
"(步步夺金, 好医生, 能)",3,3
"(好, 越办, 健康)",3,2
"(多, 平安, 里边)",3,2
"(学到, 好医生, 帮助)",3,2
"(直播, 平安, 能)",3,2
"(步步夺金, 问医生, 健康)",3,3
"(多, 问题, 医生)",3,2
"(好, 越, 健康)",3,2
"(走路, 健康知识, 了解)",3,2
"(直播, 并且, 医生)",3,2
"(多, 直播, 好医生)",3,2
"(健康, 效果, 能)",3,2
"(专业, 头条, 健康)",3,2
"(兑换, 不错, 及时)",3,2
"(问医生, 头条, 耐心)",3,2
"(身体, 健康知识, 走路)",3,2
"(视频, 例如, 健康)",3,2
"(身体, 好医生, 能)",3,2
"(不, 可以, 方便)",3,2
"(健康知识, 能, 走步)",3,2
"(都好, 知识, 长)",3,2
"(步步夺金, 实用, 健康)",3,2
"(能, 健康知识, 健康)",3,4
"(平安, 医生, 健康)",3,3
"(健康, 锻炼, 走步)",3,2
"(平安, 养生, 健康)",3,2
"(步步夺金, 身体, 可以)",3,3
"(商城, 东西, 健康)",3,2
"(计划, 商品, 健康)",3,2
"(激励, 夺金, 运动)",3,2
"(注意, 可以, 情况)",3,2
"(可以, 问题, 方便)",3,3
"(步步夺金, 好医生, 头条)",3,3
"(好, 知识, 好医生)",3,3
"(直播, 健身, 健康)",3,2
"(兑换, 不错, 也好)",3,2
"(身体, 能, 健康)",3,2
"(步步夺金, 东西, 少)",3,2
"(步步夺金, 可以, 医生)",3,2
"(好, 直播, 疾病)",3,2
"(步步夺金, 不错, 商品)",3,2
"(医生, 可以, 方便)",3,3
"(多, 头条, 新闻)",3,2
"(步步夺金, 兑换, 能)",3,2
"(不, 可以, 问题)",3,2
"(直播, 健康, 怎样)",3,2
"(好, 直播, 喜欢)",3,2
"(好, 健康, 能)",3,5
"(好, 直播, 能)",3,2
"(经期, 这个, 方便)",3,2
"(好医生, 我们, 知识)",3,3
"(多, 医生, 健康)",3,3
"(好, 走步, 能)",3,2
"(好, 我们, 平安)",3,2
"(兑换, 直播, 医生)",3,2
"(计划, 问医生, 健康)",3,2
"(好, 学到, 知识)",3,2
"(在线, 医生, 问题)",3,2
"(步步夺金, 都好, 能)",3,2
"(好, 多, 平安)",3,3
"(预防, 疾病, 商品)",3,2
"(好, 步步夺金, 平安)",3,3
"(步步夺金, 平安, 健康)",3,5
"(步步夺金, 买, 东西)",3,2
"(多, 平安, 健康)",3,4
"(多, 了解, 头条)",3,4
"(头条, 直播, 平安, 能)",4,2
"(越办, 健康, 平安, 好医生)",4,2
"(锻炼身体, 头条, 健康, 好医生)",4,2
"(健康, 好医生, 锻炼, 能)",4,2
"(步步夺金, 头条, 直播, 好医生)",4,3
"(了解, 头条, 健康知识, 能)",4,3
"(问医生, 头条, 健康, 耐心)",4,2
"(头条, 健康, 直播, 都好)",4,2
"(头条, 健康, 平安, 耐心)",4,2
"(步步夺金, 头条, 平安, 能)",4,2
"(好, 健康, 平安, 东西)",4,2
"(健康, 我们, 平安, 能)",4,2
"(多, 我们, 平安, 好医生)",4,2
"(好, 健康, 走路, 喜欢)",4,2
"(多, 平安, 好医生, 帮助)",4,2
"(步步夺金, 看, 健康, 直播)",4,2
"(步步夺金, 好, 督促, 锻炼)",4,2
"(步步夺金, 健康, 东西, 能)",4,2
"(健康, 直播, 平安, 好医生)",4,4
"(好, 健康, 喜欢, 好医生)",4,2
"(好, 直播, 平安, 好医生)",4,3
"(解答, 问题, 医生, 能)",4,2
"(健康, 多, 直播, 能)",4,2
"(兑换, 步步夺金, 不错, 商品)",4,2
"(头条, 多, 知识, 能)",4,3
"(多, 好医生, 平安, 知识)",4,3
"(步步夺金, 好, 健康, 知识)",4,2
"(不, 学到, 多, 知识)",4,2
"(方便, 不用, 医院, 医生)",4,2
"(步步夺金, 知识, 平安, 好医生)",4,2
"(问医生, 头条, 健康, 好医生)",4,2
"(好, 步步夺金, 健康, 平安)",4,3
"(问医生, 平安, 好医生, 耐心)",4,2
"(好, 健康, 多, 平安)",4,3
"(问医生, 了解, 健康, 健康知识)",4,2
"(好, 头条, 知识, 能)",4,2
"(问医生, 身体, 平安, 好医生)",4,2
"(督促, 健康, 健康知识, 锻炼)",4,2
"(兑换, 也好, 直播, 医生)",4,2
"(好, 健康, 直播, 平安)",4,4
"(步步夺金, 可以, 身体, 锻炼)",4,2
"(好医生, 多, 医生, 知识)",4,2
"(步步夺金, 锻炼身体, 实惠, 健康)",4,2
"(有用, 多, 问题, 医生)",4,2
"(步步夺金, 越办, 健康, 好医生)",4,2
"(商城, 步步夺金, 不, 可以)",4,2
"(好, 步步夺金, 健康, 多)",4,2
"(可以, 健康, 夺金, 平安)",4,2
"(健康, 我们, 好医生, 能)",4,2
"(头条, 健康, 多, 知识)",4,3
"(健康, 多, 我们, 平安)",4,2
"(头条, 身体, 好医生, 耐心)",4,2
"(步步夺金, 健康, 我们, 平安)",4,2
"(好, 步步夺金, 东西, 少)",4,2
"(运动, 健康, 直播, 能)",4,2
"(并且, 健康, 多, 直播)",4,2
"(方便, 多, 有用, 医生)",4,2
"(好医生, 多, 直播, 医生)",4,2
"(知识, 直播, 平安, 好医生)",4,2
"(兑换, 也好, 医生, 东西)",4,2
"(步步夺金, 头条, 健康, 平安)",4,3
"(步步夺金, 直播, 平安, 好医生)",4,3
"(问医生, 头条, 健康, 平安)",4,2
"(喜欢, 健康, 直播, 平安)",4,2
"(步步夺金, 头条, 健康, 好医生)",4,3
"(头条, 直播, 平安, 好医生)",4,3
"(好, 多, 直播, 医生)",4,2
"(步步夺金, 平安, 锻炼, 能)",4,2
"(了解, 头条, 多, 能)",4,2
"(好, 健康, 直播, 知识)",4,2
"(方便, 专业, 健康, 头条)",4,2
"(健康, 直播, 好医生, 能)",4,2
"(喜欢, 健康, 平安, 好医生)",4,3
"(步步夺金, 头条, 健康, 免费)",4,2
"(方便, 多, 问题, 医生)",4,2
"(督促, 多, 少, 能)",4,2
"(可以, 健康, 夺金, 知识)",4,2
"(可以, 了解, 多, 健康知识)",4,2
"(兑换, 也好, 健康, 东西)",4,2
"(健康, 平安, 好医生, 能)",4,4
"(头条, 健康, 知识, 医生)",4,2
"(学到, 头条, 健康, 多)",4,2
"(问医生, 健康, 多, 健康知识)",4,2
"(好, 喜欢, 健康, 平安)",4,3
"(好, 好医生, 直播, 知识)",4,2
"(头条, 身体, 平安, 耐心)",4,2
"(问医生, 了解, 头条, 健康知识)",4,2
"(督促, 健康知识, 锻炼, 能)",4,2
"(头条, 健康, 医生, 能)",4,2
"(健康, 多, 直播, 医生)",4,2
"(好, 步步夺金, 健康, 好医生)",4,3
"(问医生, 方便, 好医生, 医生)",4,2
"(多少, 走, 步, 知道)",4,2
"(头条, 健康, 平安, 能)",4,3
"(好, 健康, 多, 好医生)",4,3
"(好, 实用, 健康, 能)",4,2
"(咨询, 健康, 直播, 都好)",4,2
"(好, 健康, 平安, 能)",4,2
"(好, 头条, 健康, 平安)",4,2
"(步步夺金, 知识, 我们, 好医生)",4,2
"(多, 医生, 平安, 好医生)",4,2
"(计划, 健康, 效果, 能)",4,2
"(学到, 多, 平安, 好医生)",4,2
"(我们, 平安, 知识, 能)",4,2
"(好, 我们, 平安, 知识)",4,2
"(里边, 多, 平安, 好医生)",4,2
"(平安, 好医生, 锻炼, 能)",4,2
"(步步夺金, 好医生, 锻炼, 能)",4,2
"(可以, 医生, 买, 东西)",4,2
"(好, 多, 直播, 好医生)",4,2
"(健康, 多, 我们, 好医生)",4,2
"(健康, 直播, 医生, 养生)",4,2
"(可以, 了解, 头条, 健康)",4,2
"(步步夺金, 可以, 买, 医生)",4,2
"(步步夺金, 健康, 锻炼, 走步)",4,2
"(步步夺金, 好, 越, 好医生)",4,2
"(锻炼身体, 健康, 平安, 好医生)",4,2
"(问医生, 健康, 平安, 好医生)",4,3
"(步步夺金, 头条, 健康, 能)",4,2
"(健康, 挂号, 平安, 好医生)",4,2
"(可以, 软件, 直播, 好医生)",4,2
"(可以, 好医生, 平安, 知识)",4,2
"(头条, 健康, 多, 能)",4,5
"(好, 走路, 直播, 平安)",4,2
"(步步夺金, 健康, 直播, 都好)",4,2
"(健康, 身体, 平安, 好医生)",4,4
"(步步夺金, 平安, 知识, 能)",4,2
"(并且, 医生, 直播, 知识)",4,2
"(问医生, 了解, 健康, 多)",4,2
"(专业, 医生, 平安, 好医生)",4,2
"(好, 可以, 软件, 走路)",4,2
"(健康, 身体, 平安, 养生)",4,2
"(健康, 夺金, 平安, 好医生)",4,2
"(步步夺金, 实惠, 健康, 直播)",4,2
"(步步夺金, 越办, 平安, 好医生)",4,2
"(好, 健康, 好医生, 能)",4,2
"(步步夺金, 健康, 好医生, 知识)",4,2
"(喜欢, 健康, 走路, 平安)",4,2
"(产品, 可以, 健康, 夺金)",4,2
"(步步夺金, 也好, 买, 东西)",4,2
"(问医生, 头条, 身体, 耐心)",4,2
"(头条, 多, 医生, 能)",4,2
"(步步夺金, 好, 多, 知识)",4,2
"(并且, 健康, 医生, 知识)",4,2
"(可以, 夺金, 平安, 好医生)",4,2
"(问医生, 多, 问, 好医生)",4,2
"(兑换, 也好, 直播, 东西)",4,2
"(头条, 身体, 平安, 好医生)",4,2
"(好, 头条, 健康, 好医生)",4,2
"(好, 头条, 平安, 好医生)",4,2
"(步步夺金, 健身, 健康, 直播)",4,2
"(了解, 头条, 健康, 能)",4,3
"(好, 健康, 挂号, 好医生)",4,2
"(好, 知识, 喜欢, 好医生)",4,2
"(头条, 健康, 平安, 医生)",4,2
"(问医生, 头条, 多, 健康知识)",4,2
"(并且, 健康, 直播, 知识)",4,2
"(健康, 平安, 好医生, 东西)",4,2
"(好, 步步夺金, 健康, 锻炼)",4,2
"(不, 可以, 了解, 方便)",4,2
"(有用, 方便, 问题, 医生)",4,2
"(问医生, 头条, 健康, 身体)",4,2
"(可以, 了解, 头条, 健康知识)",4,2
"(不舒服, 身体, 平安, 好医生)",4,2
"(健康, 走路, 平安, 好医生)",4,2
"(步步夺金, 健康, 我们, 好医生)",4,2
"(越, 健康, 平安, 好医生)",4,2
"(好, 越, 健康, 好医生)",4,2
"(好, 头条, 健康, 能)",4,3
"(好, 头条, 直播, 平安)",4,2
"(了解, 头条, 健康, 健康知识)",4,4
"(身体, 平安, 好医生, 能)",4,2
"(步步夺金, 平安, 好医生, 锻炼)",4,2
"(好, 步步夺金, 健康, 越办)",4,2
"(健康, 身体, 好医生, 能)",4,2
"(头条, 健康, 直播, 平安)",4,3
"(走路, 直播, 平安, 健康)",4,2
"(好, 直播, 平安, 医生)",4,2
"(步步夺金, 可以, 锻炼, 能)",4,2
"(多, 知识, 医生, 知道)",4,2
"(健康, 多, 健康知识, 能)",4,2
"(好医生, 我们, 知识, 能)",4,2
"(步步夺金, 我们, 知识, 能)",4,2
"(步步夺金, 好, 运动, 能)",4,2
"(平安, 知识, 喜欢, 好医生)",4,2
"(好, 健康, 走路, 平安)",4,2
"(步步夺金, 我们, 好医生, 能)",4,2
"(好, 运动, 多, 能)",4,2
"(好, 健康, 锻炼, 走步)",4,2
"(步步夺金, 健康, 平安, 知识)",4,2
"(步步夺金, 健康, 锻炼, 能)",4,3
"(步步夺金, 头条, 直播, 能)",4,2
"(多, 平安, 好医生, 能)",4,2
"(问医生, 头条, 好医生, 耐心)",4,2
"(步步夺金, 好, 走步, 能)",4,2
"(问医生, 健康, 平安, 耐心)",4,2
"(问医生, 健康, 好医生, 耐心)",4,2
"(好, 喜欢, 平安, 知识)",4,2
"(直播, 平安, 好医生, 能)",4,2
"(可以, 健康, 平安, 知识)",4,2
"(好, 步步夺金, 健康, 直播)",4,2
"(好, 健康, 挂号, 平安)",4,2
"(头条, 健康, 多, 健康知识)",4,3
"(步步夺金, 健康, 多, 知识)",4,2
"(步步夺金, 知识, 好医生, 能)",4,2
"(好, 健康, 多, 能)",4,2
"(健康, 多, 平安, 好医生)",4,4
"(健康, 身体, 好医生, 养生)",4,2
"(步步夺金, 医生, 买, 东西)",4,2
"(好, 直播, 平安, 能)",4,2
"(好, 健康, 我们, 好医生)",4,2
"(健康, 好医生, 夺金, 知识)",4,2
"(好医生, 夺金, 平安, 知识)",4,2
"(好, 越, 越办, 平安)",4,2
"(步步夺金, 好, 直播, 好医生)",4,2
"(问医生, 身体, 平安, 耐心)",4,2
"(健康, 身体, 平安, 能)",4,2
"(好, 软件, 直播, 好医生)",4,2
"(方便, 头条, 医生, 专业)",4,2
"(可以, 好医生, 夺金, 知识)",4,2
"(好, 多, 平安, 好医生)",4,3
"(了解, 健康, 多, 能)",4,5
"(好, 健康, 我们, 知识)",4,2
"(健康, 我们, 平安, 好医生)",4,3
"(步步夺金, 可以, 身体, 能)",4,2
"(步步夺金, 健康, 我们, 能)",4,2
"(健康, 直播, 平安, 医生)",4,2
"(问医生, 头条, 平安, 耐心)",4,2
"(好, 健康, 锻炼, 能)",4,2
"(了解, 健康, 多, 知识)",4,2
"(好, 越办, 健康, 好医生)",4,2
"(头条, 健康, 能, 走步)",4,2
"(锻炼身体, 头条, 平安, 好医生)",4,2
"(头条, 健康, 直播, 能)",4,3
"(并且, 多, 直播, 知识)",4,2
"(好, 这个, 方便, 经期)",4,2
"(好医生, 我们, 平安, 知识)",4,3
"(并且, 健康, 直播, 医生)",4,2
"(健康, 都好, 平安, 好医生)",4,2
"(平安, 走路, 直播, 喜欢)",4,2
"(兑换, 直播, 医生, 东西)",4,2
"(步步夺金, 健康, 知识, 能)",4,2
"(健康, 多, 知识, 能)",4,4
"(好, 好医生, 直播, 医生)",4,2
"(里边, 健康, 平安, 好医生)",4,2
"(头条, 直播, 好医生, 能)",4,2
"(步步夺金, 也好, 买, 医生)",4,2
"(可以, 健康, 多, 健康知识)",4,2
"(步步夺金, 好, 直播, 能)",4,2
"(好, 越, 越办, 好医生)",4,2
"(步步夺金, 直播, 平安, 能)",4,2
"(了解, 多, 健康知识, 能)",4,2
"(了解, 头条, 健康, 多)",4,3
"(步步夺金, 越, 越办, 平安)",4,2
"(商城, 头条, 健康, 多)",4,2
"(喜欢, 健康, 平安, 医生)",4,2
"(步步夺金, 可以, 也好, 买)",4,2
"(可以, 了解, 健康, 多)",4,4
"(走路, 直播, 喜欢, 健康)",4,2
"(好, 步步夺金, 锻炼, 走步)",4,2
"(方便, 专业, 健康, 医生)",4,2
"(好, 多, 我们, 好医生)",4,2
"(可以, 健康, 好医生, 知识)",4,2
"(了解, 走路, 身体, 健康知识)",4,2
"(步步夺金, 可以, 也好, 医生)",4,2
"(头条, 多, 医生, 知识)",4,2
"(步步夺金, 好, 好医生, 能)",4,2
"(好, 健康, 平安, 觉得)",4,2
"(好, 越, 平安, 好医生)",4,2
"(头条, 健康, 平安, 好医生)",4,5
"(问医生, 身体, 好医生, 耐心)",4,2
"(头条, 多, 好医生, 能)",4,2
"(好, 学到, 多, 知识)",4,2
"(好, 多, 知识, 能)",4,2
"(好, 增加, 意识, 多)",4,2
"(好, 健康, 直播, 医生)",4,2
"(步步夺金, 健康, 好医生, 锻炼)",4,2
"(步步夺金, 越办, 平安, 健康)",4,2
"(好, 步步夺金, 实用, 健康)",4,2
"(好, 健康, 知识, 能)",4,2
"(健康, 健康知识, 锻炼, 能)",4,2
"(步步夺金, 越, 越办, 好医生)",4,2
"(头条, 都好, 平安, 好医生)",4,2
"(头条, 平安, 好医生, 能)",4,3
"(多, 我们, 平安, 知识)",4,2
"(健康, 直播, 平安, 能)",4,2
"(好, 走路, 直播, 喜欢)",4,2
"(头条, 健康, 健康知识, 能)",4,3
"(哪里, 不舒服, 身体, 问)",4,2
"(健康, 直播, 能, 走步)",4,2
"(健康, 走步, 锻炼, 能)",4,2
"(好, 步步夺金, 越办, 好医生)",4,2
"(健康, 好医生, 知识, 能)",4,2
"(健康, 平安, 好医生, 锻炼)",4,2
"(可以, 身体, 注意, 情况)",4,2
"(步步夺金, 好, 健康, 商品)",4,2
"(健康, 直播, 平安, 知识)",4,2
"(好, 健康, 喜欢, 知识)",4,2
"(好, 直播, 平安, 知识)",4,2
"(多, 知识, 我们, 好医生)",4,2
"(好, 步步夺金, 平安, 能)",4,2
"(问医生, 健康, 身体, 耐心)",4,2
"(运动, 头条, 健康, 直播)",4,2
"(步步夺金, 越, 平安, 好医生)",4,2
"(好, 头条, 好医生, 能)",4,2
"(好, 健康, 能, 走步)",4,2
"(步步夺金, 身体, 锻炼, 能)",4,2
"(好, 健康, 好医生, 知识)",4,3
"(好, 喜欢, 直播, 平安)",4,2
"(步步夺金, 健康, 身体, 好医生)",4,2
"(好, 步步夺金, 越, 平安)",4,2
"(步步夺金, 越, 健康, 平安)",4,2
"(健康, 我们, 知识, 能)",4,2
"(软件, 健康, 直播, 夺金)",4,2
"(好, 多, 医生, 好医生)",4,2
"(好, 多, 我们, 平安)",4,2
"(头条, 健康, 多, 好医生)",4,2
"(多, 知识, 医生, 能)",4,2
"(头条, 直播, 能, 走步)",4,2
"(头条, 多, 平安, 好医生)",4,2
"(好医生, 医生, 平安, 知识)",4,2
"(步步夺金, 头条, 平安, 好医生)",4,3
"(可以, 也好, 医生, 东西)",4,2
"(问医生, 了解, 头条, 健康)",4,2
"(好, 知识, 我们, 好医生)",4,2
"(健康知识, 健康, 走步, 能)",4,2
"(直播, 多, 知识, 医生)",4,2
"(好, 越办, 平安, 好医生)",4,2
"(好, 平安, 好医生, 觉得)",4,2
"(里边, 健康, 多, 好医生)",4,2
"(健康, 多, 直播, 怎样)",4,2
"(好, 直播, 宝箱, 活动)",4,2
"(头条, 多, 平安, 能)",4,2
"(方便, 多, 有用, 问题)",4,2
"(问医生, 不用, 医院, 去)",4,2
"(头条, 健康, 多, 平安)",4,2
"(健康, 知识, 医生, 能)",4,2
"(步步夺金, 我们, 平安, 好医生)",4,2
"(好, 步步夺金, 越办, 平安)",4,2
"(步步夺金, 健康, 平安, 锻炼)",4,2
"(好, 健康, 好医生, 觉得)",4,2
"(兑换, 商城, 健康, 东西)",4,2
"(步步夺金, 头条, 直播, 平安)",4,3
"(健康, 好医生, 平安, 知识)",4,4
"(步步夺金, 越, 健康, 越办)",4,2
"(好, 健康, 直播, 好医生)",4,3
"(步步夺金, 健康, 直播, 能)",4,2
"(平安, 健康, 喜欢, 知识)",4,2
"(步步夺金, 健康, 走步, 能)",4,2
"(可以, 健康, 夺金, 好医生)",4,2
"(问医生, 头条, 平安, 好医生)",4,2
"(好, 健康, 平安, 知识)",4,3
"(并且, 健康, 多, 医生)",4,2
"(头条, 好医生, 平安, 医生)",4,2
"(健康, 平安, 知识, 能)",4,2
"(头条, 健康, 好医生, 医生)",4,2
"(好, 平安, 好医生, 能)",4,2
"(健康, 多, 好医生, 知识)",4,2
"(头条, 多, 健康知识, 能)",4,2
"(头条, 健康, 多, 解答)",4,2
"(健康, 多, 医生, 能)",4,2
"(好, 头条, 多, 能)",4,2
"(好, 步步夺金, 头条, 能)",4,2
"(头条, 健康, 身体, 好医生)",4,2
"(步步夺金, 锻炼身体, 实惠, 直播)",4,2
"(运动, 头条, 健康, 能)",4,2
"(好, 健康, 多, 知识)",4,4
"(好, 头条, 直播, 好医生)",4,2
"(可以, 也好, 买, 东西)",4,2
"(例如, 头条, 健康, 视频)",4,2
"(问医生, 了解, 头条, 多)",4,2
"(好, 头条, 平安, 能)",4,2
"(学到, 多, 好医生, 帮助)",4,2
"(多, 知识, 平安, 医生)",4,2
"(学到, 健康, 多, 知识)",4,3
"(我们, 平安, 好医生, 能)",4,3
"(好, 我们, 平安, 好医生)",4,2
"(头条, 健康, 医生, 专业)",4,2
"(好, 看, 健康, 直播)",4,2
"(健康, 平安, 好医生, 觉得)",4,2
"(步步夺金, 健康, 身体, 平安)",4,2
"(好, 可以, 方便, 软件)",4,2
"(学到, 多, 平安, 帮助)",4,2
"(步步夺金, 运动, 可以, 方便)",4,2
"(健康, 多, 我们, 知识)",4,2
"(健康, 好医生, 喜欢, 知识)",4,2
"(步步夺金, 健康, 我们, 知识)",4,2
"(步步夺金, 问医生, 头条, 健康)",4,2
"(步步夺金, 我们, 平安, 知识)",4,2
"(步步夺金, 能, 锻炼, 走步)",4,2
"(兑换, 不错, 也好, 东西)",4,2
"(健康, 平安, 好医生, 养生)",4,2
"(好医生, 平安, 知识, 能)",4,2
"(里边, 健康, 多, 平安)",4,2
"(方便, 增加, 购买, 需要)",4,2
"(健康, 多, 平安, 知识)",4,2
"(健康, 平安, 好医生, 耐心)",4,2
"(步步夺金, 平安, 好医生, 能)",4,3
"(头条, 健康, 身体, 平安)",4,2
"(可以, 头条, 多, 健康知识)",4,2
"(头条, 平安, 好医生, 耐心)",4,2
"(可以, 身体, 锻炼, 能)",4,2
"(步步夺金, 健康, 直播, 平安)",4,3
"(好, 直播, 好医生, 能)",4,2
"(健康, 夺金, 平安, 知识)",4,2
"(越, 越办, 健康, 好医生)",4,2
"(问医生, 健康, 身体, 平安)",4,2
"(可以, 方便, 问题, 医生)",4,3
"(步步夺金, 可以, 也好, 东西)",4,2
"(并且, 多, 知识, 医生)",4,2
"(可以, 夺金, 平安, 知识)",4,2
"(好, 学到, 健康, 知识)",4,2
"(好, 头条, 健康, 知识)",4,2
"(好, 健康, 我们, 平安)",4,2
"(好, 也好, 健康, 直播)",4,2
"(头条, 健康, 身体, 耐心)",4,2
"(健康, 夺金, 需要, 能)",4,2
"(好, 健康, 直播, 喜欢)",4,2
"(步步夺金, 好, 多, 能)",4,2
"(好, 步步夺金, 头条, 直播)",4,2
"(问医生, 头条, 健康, 健康知识)",4,2
"(医生, 健康, 直播, 知识)",4,2
"(步步夺金, 好, 平安, 好医生)",4,3
"(可以, 了解, 健康, 健康知识)",4,2
"(好, 步步夺金, 越, 健康)",4,2
"(步步夺金, 我们, 平安, 能)",4,2
"(可以, 也好, 买, 医生)",4,2
"(了解, 健康, 多, 健康知识)",4,3
"(去, 身体, 平安, 好医生)",4,2
"(好, 能, 锻炼, 走步)",4,2
"(问医生, 头条, 身体, 好医生)",4,2
"(头条, 健康, 知识, 能)",4,3
"(健康, 多, 直播, 知识)",4,2
"(好, 步步夺金, 健康, 医生)",4,2
"(越, 健康, 越办, 平安)",4,2
"(步步夺金, 健康, 宝箱, 夺宝)",4,2
"(健康, 好医生, 我们, 知识)",4,3
"(可以, 头条, 健康, 健康知识)",4,2
"(步步夺金, 健康, 平安, 好医生)",4,5
"(头条, 健康, 都好, 好医生)",4,2
"(好, 头条, 健康, 多)",4,2
"(步步夺金, 锻炼身体, 健康, 直播)",4,2
"(步步夺金, 头条, 健康, 直播)",4,3
"(好, 走路, 直播, 健康)",4,2
"(好, 平安, 走路, 喜欢)",4,2
"(好, 越办, 健康, 平安)",4,2
"(督促, 健康, 健康知识, 能)",4,2
"(好, 头条, 多, 知识)",4,2
"(好, 平安, 喜欢, 好医生)",4,2
"(可以, 健康, 平安, 好医生)",4,2
"(好, 步步夺金, 健康, 走步)",4,2
"(督促, 健康, 锻炼, 能)",4,2
"(好, 可以, 直播, 好医生)",4,2
"(头条, 知识, 医生, 能)",4,2
"(步步夺金, 健康, 平安, 能)",4,3
"(锻炼身体, 实惠, 健康, 直播)",4,2
"(可以, 了解, 头条, 多)",4,2
"(健康, 多, 平安, 能)",4,2
"(健康, 身体, 平安, 耐心)",4,2
"(了解, 健康, 健康知识, 能)",4,3
"(并且, 多, 直播, 医生)",4,2
"(问医生, 健康, 身体, 好医生)",4,2
"(健康, 直播, 夺金, 能)",4,2
"(健康, 医生, 平安, 好医生)",4,2
"(步步夺金, 健康, 直播, 好医生)",4,3
"(运动, 头条, 直播, 能)",4,2
"(问医生, 了解, 多, 健康知识)",4,2
"(好, 步步夺金, 越, 越办)",4,2
"(好, 多, 平安, 知识)",4,2
"(了解, 头条, 多, 健康知识)",4,4
"(好, 健康, 平安, 医生)",4,2
"(并且, 健康, 多, 知识)",4,2
"(健康, 我们, 平安, 知识)",4,3
"(头条, 健康, 好医生, 能)",4,3
"(健康, 多, 医生, 知识)",4,3
"(头条, 健康, 直播, 走步)",4,2
"(步步夺金, 头条, 好医生, 能)",4,2
"(步步夺金, 好, 头条, 好医生)",4,2
"(好, 可以, 软件, 好医生)",4,2
"(健康, 平安, 锻炼, 能)",4,2
"(商城, 可以, 了解, 买)",4,2
"(好, 头条, 健康, 直播)",4,2
"(学到, 平安, 好医生, 帮助)",4,2
"(头条, 健康, 锻炼, 能)",4,2
"(好, 健康, 平安, 好医生)",4,6
"(好, 越, 健康, 平安)",4,2
"(步步夺金, 可以, 医生, 东西)",4,2
"(直播, 健康, 好医生, 知识)",4,2
"(头条, 健康, 都好, 平安)",4,2
"(步步夺金, 健康, 好医生, 能)",4,3
"(可以, 头条, 健康, 多)",4,2
"(头条, 健康, 直播, 好医生)",4,3
"(健康, 多, 好医生, 能)",4,2
"(步步夺金, 也好, 医生, 东西)",4,2
"(锻炼身体, 头条, 健康, 平安)",4,2
"(问医生, 头条, 身体, 平安)",4,2
"(越, 越办, 平安, 好医生)",4,2
"(步步夺金, 可以, 买, 东西)",4,2
"(步步夺金, 直播, 好医生, 能)",4,2
"(步步夺金, 好, 直播, 平安)",4,2
"(头条, 健康, 好医生, 耐心)",4,2
"(兑换, 步步夺金, 可以, 不错)",4,2
"(问医生, 头条, 健康, 多)",4,2
"(好, 多, 知识, 好医生)",4,2
"(头条, 健康, 多, 医生)",4,2
"(学到, 多, 朋友, 知识)",4,2
"(步步夺金, 好, 鼓励, 能)",4,2
"(方便, 头条, 健康, 医生)",4,2
"(好, 步步夺金, 健康, 能)",4,3
"(可以, 健康, 锻炼, 能)",4,2
"(疾病, 好, 各种, 直播)",4,2
"(好, 越, 健康, 越办)",4,2
"(健康, 去, 医生, 养生)",4,2
"(步步夺金, 好, 头条, 平安)",4,2
"(好, 挂号, 平安, 好医生)",4,2
"(好, 步步夺金, 头条, 健康)",4,2
"(好, 健康, 多, 我们)",4,2
"(步步夺金, 越, 健康, 好医生)",4,2
"(好, 学到, 健康, 多)",4,3
"(好, 健康, 直播, 能)",4,2
"(好, 多, 我们, 知识)",4,2
"(身体, 平安, 好医生, 养生)",4,2
"(步步夺金, 身体, 平安, 好医生)",4,2
"(好, 知识, 平安, 好医生)",4,3
"(健康, 身体, 好医生, 耐心)",4,2
"(身体, 平安, 好医生, 耐心)",4,2
"(步步夺金, 好, 锻炼, 能)",4,2
"(也好, 医生, 买, 东西)",4,2
"(也好, 直播, 医生, 东西)",4,2
"(好, 可以, 软件, 直播)",4,2
"(步步夺金, 好, 运动, 多)",4,2
"(步步夺金, 运动, 多, 能)",4,3
"(了解, 健康, 直播, 能)",4,2
"(好, 头条, 直播, 能)",4,2
"(步步夺金, 好, 头条, 好医生, 直播)",5,2
"(头条, 好医生, 平安, 医生, 健康)",5,2
"(步步夺金, 知识, 平安, 好医生, 健康)",5,2
"(里边, 平安, 好医生, 健康, 多)",5,2
"(好, 步步夺金, 平安, 能, 健康)",5,2
"(头条, 平安, 好医生, 锻炼身体, 健康)",5,2
"(步步夺金, 知识, 平安, 好医生, 能)",5,2
"(问医生, 头条, 身体, 耐心, 健康)",5,2
"(步步夺金, 平安, 知识, 健康, 我们)",5,2
"(好, 头条, 平安, 能, 直播)",5,2
"(了解, 头条, 健康知识, 能, 健康)",5,3
"(好, 走路, 平安, 健康, 直播)",5,2
"(好, 头条, 能, 健康, 多)",5,2
"(好, 步步夺金, 平安, 好医生, 直播)",5,2
"(好, 可以, 好医生, 软件, 直播)",5,2
"(步步夺金, 平安, 好医生, 能, 直播)",5,2
"(步步夺金, 越, 越办, 好医生, 健康)",5,2
"(好, 头条, 好医生, 能, 直播)",5,2
"(步步夺金, 头条, 平安, 能, 健康)",5,2
"(步步夺金, 越, 平安, 好医生, 健康)",5,2
"(头条, 知识, 能, 健康, 多)",5,3
"(步步夺金, 知识, 能, 健康, 我们)",5,2
"(步步夺金, 好, 走步, 健康, 锻炼)",5,2
"(并且, 知识, 医生, 多, 直播)",5,2
"(好, 学到, 知识, 健康, 多)",5,2
"(好, 知识, 健康, 多, 我们)",5,2
"(步步夺金, 好, 平安, 好医生, 能)",5,2
"(步步夺金, 身体, 平安, 好医生, 健康)",5,2
"(平安, 好医生, 能, 健康, 锻炼)",5,2
"(好, 步步夺金, 头条, 健康, 直播)",5,2
"(步步夺金, 头条, 平安, 健康, 直播)",5,3
"(问医生, 头条, 身体, 好医生, 耐心)",5,2
"(步步夺金, 好, 头条, 能, 直播)",5,2
"(好, 平安, 知识, 健康, 多)",5,2
"(步步夺金, 锻炼身体, 实惠, 健康, 直播)",5,2
"(好, 步步夺金, 能, 健康, 锻炼)",5,2
"(问医生, 头条, 好医生, 耐心, 健康)",5,2
"(步步夺金, 知识, 好医生, 健康, 我们)",5,2
"(可以, 头条, 健康知识, 健康, 多)",5,2
"(步步夺金, 好, 能, 健康, 走步)",5,2
"(问医生, 身体, 好医生, 耐心, 健康)",5,2
"(医生, 知识, 能, 健康, 多)",5,2
"(好, 步步夺金, 能, 健康, 直播)",5,2
"(身体, 平安, 好医生, 耐心, 健康)",5,2
"(好, 步步夺金, 平安, 能, 直播)",5,2
"(好, 知识, 好医生, 多, 我们)",5,2
"(头条, 好医生, 能, 健康, 多)",5,2
"(好, 越, 平安, 好医生, 越办)",5,2
"(好, 喜欢, 平安, 健康, 直播)",5,2
"(步步夺金, 头条, 好医生, 能, 直播)",5,2
"(步步夺金, 好, 知识, 健康, 多)",5,2
"(步步夺金, 好医生, 知识, 能, 健康)",5,2
"(步步夺金, 好医生, 能, 健康, 锻炼)",5,2
"(问医生, 头条, 平安, 好医生, 健康)",5,2
"(好, 越办, 平安, 好医生, 健康)",5,2
"(知识, 平安, 好医生, 能, 健康)",5,2
"(好, 好医生, 平安, 知识, 多)",5,2
"(头条, 医生, 能, 健康, 多)",5,2
"(好, 挂号, 平安, 好医生, 健康)",5,2
"(问医生, 了解, 头条, 健康, 多)",5,2
"(步步夺金, 可以, 身体, 能, 锻炼)",5,2
"(好, 步步夺金, 头条, 平安, 健康)",5,2
"(知识, 好医生, 能, 健康, 我们)",5,2
"(好, 越, 平安, 健康, 越办)",5,2
"(步步夺金, 头条, 平安, 好医生, 能)",5,2
"(好医生, 平安, 知识, 能, 我们)",5,2
"(问医生, 了解, 健康知识, 健康, 多)",5,2
"(好, 头条, 平安, 好医生, 健康)",5,2
"(平安, 知识, 健康, 多, 我们)",5,2
"(步步夺金, 平安, 好医生, 健康, 直播)",5,3
"(好, 知识, 平安, 好医生, 直播)",5,2
"(好, 喜欢, 平安, 直播, 走路)",5,2
"(好, 步步夺金, 越办, 平安, 健康)",5,2
"(并且, 知识, 医生, 健康, 直播)",5,2
"(平安, 好医生, 能, 健康, 多)",5,2
"(头条, 平安, 好医生, 健康, 直播)",5,3
"(可以, 好医生, 平安, 知识, 夺金)",5,2
"(可以, 了解, 头条, 健康知识, 健康)",5,2
"(好, 步步夺金, 头条, 平安, 好医生)",5,2
"(越, 越办, 平安, 好医生, 健康)",5,2
"(好, 平安, 喜欢, 知识, 健康)",5,2
"(好, 平安, 知识, 多, 我们)",5,2
"(好, 平安, 好医生, 能, 直播)",5,2
"(好, 平安, 健康, 多, 我们)",5,2
"(并且, 医生, 健康, 多, 直播)",5,2
"(好, 好医生, 能, 健康, 直播)",5,2
"(平安, 好医生, 能, 健康, 直播)",5,2
"(步步夺金, 平安, 知识, 能, 我们)",5,2
"(好, 头条, 知识, 健康, 多)",5,2
"(学到, 平安, 好医生, 多, 帮助)",5,2
"(好, 走步, 健康, 能, 锻炼)",5,2
"(好, 步步夺金, 越, 平安, 健康)",5,2
"(好, 步步夺金, 越, 健康, 越办)",5,2
"(问题, 医生, 有用, 多, 方便)",5,2
"(身体, 平安, 好医生, 能, 健康)",5,2
"(头条, 平安, 好医生, 健康, 都好)",5,2
"(好, 平安, 知识, 健康, 直播)",5,2
"(好, 知识, 好医生, 健康, 我们)",5,2
"(问医生, 头条, 身体, 好医生, 健康)",5,2
"(步步夺金, 走步, 健康, 能, 锻炼)",5,2
"(好, 平安, 好医生, 觉得, 健康)",5,2
"(好, 步步夺金, 平安, 好医生, 健康)",5,3
"(并且, 知识, 健康, 多, 直播)",5,2
"(可以, 平安, 好医生, 健康, 夺金)",5,2
"(步步夺金, 好, 好医生, 能, 直播)",5,2
"(好, 好医生, 平安, 知识, 健康)",5,3
"(问医生, 了解, 头条, 健康知识, 健康)",5,2
"(步步夺金, 平安, 好医生, 能, 我们)",5,2
"(头条, 平安, 能, 健康, 多)",5,2
"(平安, 好医生, 能, 健康, 我们)",5,2
"(步步夺金, 可以, 也好, 医生, 东西)",5,2
"(头条, 平安, 好医生, 健康, 多)",5,2
"(步步夺金, 好, 越, 好医生, 越办)",5,2
"(好, 头条, 知识, 能, 健康)",5,2
"(知识, 平安, 好医生, 健康, 夺金)",5,2
"(步步夺金, 也好, 医生, 买, 东西)",5,2
"(步步夺金, 好, 越, 平安, 好医生)",5,2
"(头条, 能, 运动, 健康, 直播)",5,2
"(头条, 医生, 方便, 专业, 健康)",5,2
"(问医生, 头条, 平安, 好医生, 耐心)",5,2
"(头条, 好医生, 能, 健康, 直播)",5,2
"(头条, 医生, 知识, 能, 多)",5,2
"(好, 头条, 好医生, 健康, 直播)",5,2
"(好, 知识, 能, 健康, 多)",5,2
"(走路, 平安, 喜欢, 健康, 直播)",5,2
"(好, 平安, 喜欢, 健康, 走路)",5,2
"(步步夺金, 好, 能, 运动, 多)",5,2
"(步步夺金, 越办, 平安, 好医生, 健康)",5,2
"(好, 步步夺金, 好医生, 能, 健康)",5,2
"(步步夺金, 平安, 能, 健康, 我们)",5,2
"(好, 平安, 喜欢, 好医生, 健康)",5,2
"(步步夺金, 平安, 好医生, 能, 健康)",5,3
"(步步夺金, 知识, 平安, 好医生, 我们)",5,2
"(头条, 平安, 好医生, 能, 多)",5,2
"(头条, 身体, 平安, 好医生, 耐心)",5,2
"(头条, 平安, 好医生, 耐心, 健康)",5,2
"(好, 平安, 好医生, 健康, 直播)",5,3
"(头条, 身体, 好医生, 耐心, 健康)",5,2
"(知识, 平安, 好医生, 多, 我们)",5,2
"(步步夺金, 越, 平安, 健康, 越办)",5,2
"(步步夺金, 头条, 平安, 好医生, 直播)",5,3
"(了解, 健康知识, 能, 健康, 多)",5,2
"(步步夺金, 头条, 平安, 好医生, 健康)",5,3
"(问医生, 头条, 身体, 平安, 耐心)",5,2
"(步步夺金, 可以, 医生, 买, 东西)",5,2
"(好, 知识, 好医生, 健康, 多)",5,2
"(好, 头条, 能, 健康, 直播)",5,2
"(步步夺金, 平安, 好医生, 健康, 锻炼)",5,2
"(知识, 医生, 健康, 多, 直播)",5,2
"(可以, 平安, 知识, 健康, 夺金)",5,2
"(问医生, 头条, 身体, 平安, 好医生)",5,2
"(好, 平安, 好医生, 能, 健康)",5,2
"(好, 头条, 平安, 好医生, 直播)",5,2
"(好, 平安, 医生, 健康, 直播)",5,2
"(可以, 也好, 医生, 买, 东西)",5,2
"(可以, 了解, 头条, 健康, 多)",5,2
"(头条, 身体, 平安, 耐心, 健康)",5,2
"(头条, 平安, 好医生, 能, 健康)",5,3
"(问医生, 头条, 健康知识, 健康, 多)",5,2
"(好, 平安, 好医生, 多, 我们)",5,2
"(好, 平安, 能, 健康, 直播)",5,2
"(医生, 好医生, 平安, 知识, 多)",5,2
"(知识, 平安, 好医生, 健康, 直播)",5,2
"(督促, 健康知识, 能, 健康, 锻炼)",5,2
"(好, 步步夺金, 越, 好医生, 健康)",5,2
"(知识, 平安, 好医生, 健康, 我们)",5,3
"(头条, 身体, 平安, 好医生, 健康)",5,2
"(步步夺金, 平安, 好医生, 健康, 我们)",5,2
"(好, 好医生, 平安, 知识, 我们)",5,2
"(身体, 平安, 好医生, 健康, 养生)",5,2
"(步步夺金, 好医生, 能, 健康, 直播)",5,2
"(步步夺金, 可以, 也好, 买, 医生)",5,2
"(平安, 好医生, 健康, 多, 我们)",5,2
"(好, 平安, 知识, 喜欢, 好医生)",5,2
"(了解, 头条, 健康知识, 能, 多)",5,2
"(头条, 走步, 健康, 直播, 能)",5,2
"(可以, 好医生, 知识, 健康, 夺金)",5,2
"(头条, 平安, 好医生, 能, 直播)",5,2
"(步步夺金, 头条, 平安, 能, 直播)",5,2
"(步步夺金, 知识, 好医生, 能, 我们)",5,2
"(兑换, 也好, 医生, 东西, 直播)",5,2
"(好, 步步夺金, 头条, 平安, 直播)",5,2
"(步步夺金, 平安, 能, 健康, 锻炼)",5,2
"(好, 好医生, 健康, 多, 我们)",5,2
"(步步夺金, 好, 头条, 平安, 能)",5,2
"(好, 头条, 知识, 能, 多)",5,2
"(好, 越, 越办, 好医生, 健康)",5,2
"(好, 头条, 平安, 能, 健康)",5,2
"(好, 越, 平安, 好医生, 健康)",5,2
"(知识, 好医生, 健康, 多, 我们)",5,2
"(步步夺金, 好, 头条, 能, 健康)",5,2
"(步步夺金, 可以, 也好, 买, 东西)",5,2
"(好, 平安, 好医生, 健康, 多)",5,3
"(问医生, 头条, 身体, 平安, 健康)",5,2
"(步步夺金, 好, 头条, 好医生, 健康)",5,2
"(步步夺金, 头条, 好医生, 能, 健康)",5,2
"(步步夺金, 好, 能, 走步, 锻炼)",5,2
"(好, 头条, 平安, 健康, 直播)",5,2
"(步步夺金, 好, 平安, 好医生, 越办)",5,2
"(头条, 知识, 医生, 能, 健康)",5,2
"(好, 医生, 好医生, 多, 直播)",5,2
"(步步夺金, 头条, 好医生, 健康, 直播)",5,3
"(好, 好医生, 知识, 健康, 直播)",5,2
"(头条, 健康知识, 能, 健康, 多)",5,2
"(好, 头条, 好医生, 能, 健康)",5,2
"(步步夺金, 平安, 好医生, 能, 锻炼)",5,2
"(好, 头条, 平安, 好医生, 能)",5,2
"(好, 知识, 喜欢, 好医生, 健康)",5,2
"(可以, 了解, 健康知识, 健康, 多)",5,2
"(问医生, 身体, 平安, 耐心, 健康)",5,2
"(步步夺金, 越, 平安, 好医生, 越办)",5,2
"(问医生, 身体, 平安, 好医生, 健康)",5,2
"(可以, 了解, 头条, 健康知识, 多)",5,2
"(可以, 好医生, 平安, 知识, 健康)",5,2
"(好, 直播, 喜欢, 健康, 走路)",5,2
"(并且, 医生, 知识, 健康, 多)",5,2
"(步步夺金, 好医生, 能, 健康, 我们)",5,2
"(好, 平安, 好医生, 健康, 我们)",5,2
"(头条, 医生, 知识, 健康, 多)",5,2
"(步步夺金, 头条, 能, 健康, 直播)",5,2
"(步步夺金, 平安, 知识, 能, 健康)",5,2
"(步步夺金, 好, 越办, 好医生, 健康)",5,2
"(了解, 头条, 健康知识, 健康, 多)",5,3
"(了解, 头条, 能, 健康, 多)",5,2
"(好, 步步夺金, 越, 平安, 越办)",5,2
"(步步夺金, 好, 头条, 好医生, 能)",5,2
"(好, 步步夺金, 好医生, 健康, 直播)",5,2
"(步步夺金, 平安, 能, 健康, 直播)",5,2
"(平安, 知识, 喜欢, 好医生, 健康)",5,2
"(好, 步步夺金, 平安, 健康, 直播)",5,2
"(问医生, 身体, 平安, 好医生, 耐心)",5,2
"(问医生, 平安, 好医生, 耐心, 健康)",5,2
"(好, 平安, 知识, 健康, 我们)",5,2
"(问医生, 了解, 头条, 健康知识, 多)",5,2
"(平安, 知识, 能, 健康, 我们)",5,2
"(头条, 平安, 能, 健康, 直播)",5,2
"(好医生, 平安, 知识, 健康, 多)",5,2
"(问医生, 头条, 平安, 耐心, 健康)",5,2
"(步步夺金, 平安, 好医生, 能, 健康, 直播)",6,2
"(步步夺金, 好, 走步, 健康, 能, 锻炼)",6,2
"(好, 头条, 平安, 好医生, 健康, 直播)",6,2
"(好, 知识, 平安, 好医生, 多, 我们)",6,2
"(头条, 平安, 好医生, 能, 健康, 直播)",6,2
"(头条, 医生, 知识, 能, 健康, 多)",6,2
"(好, 步步夺金, 平安, 能, 健康, 直播)",6,2
"(好, 步步夺金, 头条, 能, 健康, 直播)",6,2
"(好, 头条, 平安, 好医生, 能, 直播)",6,2
"(问医生, 身体, 平安, 好医生, 耐心, 健康)",6,2
"(好, 头条, 知识, 能, 健康, 多)",6,2
"(步步夺金, 知识, 平安, 好医生, 健康, 我们)",6,2
"(好, 越, 平安, 好医生, 健康, 越办)",6,2
"(头条, 平安, 好医生, 能, 健康, 多)",6,2
"(了解, 头条, 健康知识, 能, 健康, 多)",6,2
"(好, 平安, 好医生, 能, 健康, 直播)",6,2
"(好, 平安, 知识, 健康, 多, 我们)",6,2
"(好, 好医生, 知识, 健康, 多, 我们)",6,2
"(步步夺金, 好, 头条, 好医生, 健康, 直播)",6,2
"(好, 步步夺金, 好医生, 能, 健康, 直播)",6,2
"(步步夺金, 知识, 平安, 好医生, 能, 健康)",6,2
"(问医生, 头条, 身体, 平安, 好医生, 健康)",6,2
"(步步夺金, 头条, 平安, 好医生, 能, 直播)",6,2
"(好, 知识, 平安, 好医生, 健康, 直播)",6,2
"(好, 平安, 好医生, 健康, 多, 我们)",6,2
"(好, 步步夺金, 头条, 好医生, 能, 健康)",6,2
"(好, 步步夺金, 越办, 平安, 好医生, 健康)",6,2
"(步步夺金, 平安, 好医生, 能, 健康, 锻炼)",6,2
"(步步夺金, 平安, 知识, 能, 健康, 我们)",6,2
"(好, 好医生, 平安, 知识, 健康, 多)",6,2
"(步步夺金, 好, 越, 越办, 好医生, 健康)",6,2
"(好, 步步夺金, 头条, 平安, 能, 健康)",6,2
"(步步夺金, 好, 越, 平安, 好医生, 健康)",6,2
"(步步夺金, 好, 头条, 好医生, 能, 直播)",6,2
"(好, 步步夺金, 越, 平安, 好医生, 越办)",6,2
"(步步夺金, 好医生, 知识, 能, 健康, 我们)",6,2
"(步步夺金, 知识, 平安, 好医生, 能, 我们)",6,2
"(步步夺金, 头条, 好医生, 能, 健康, 直播)",6,2
"(步步夺金, 头条, 平安, 好医生, 能, 健康)",6,2
"(好, 喜欢, 平安, 健康, 直播, 走路)",6,2
"(好, 喜欢, 好医生, 平安, 知识, 健康)",6,2
"(头条, 身体, 平安, 好医生, 耐心, 健康)",6,2
"(好, 步步夺金, 头条, 平安, 能, 直播)",6,2
"(问医生, 头条, 平安, 好医生, 耐心, 健康)",6,2
"(问医生, 头条, 身体, 平安, 好医生, 耐心)",6,2
"(知识, 平安, 好医生, 能, 健康, 我们)",6,2
"(问医生, 头条, 身体, 好医生, 耐心, 健康)",6,2
"(好, 步步夺金, 头条, 平安, 健康, 直播)",6,2
"(好, 步步夺金, 头条, 平安, 好医生, 健康)",6,2
"(好医生, 平安, 知识, 健康, 多, 我们)",6,2
"(好, 头条, 平安, 能, 健康, 直播)",6,2
"(问医生, 了解, 头条, 健康知识, 健康, 多)",6,2
"(好, 步步夺金, 越, 平安, 健康, 越办)",6,2
"(并且, 知识, 医生, 健康, 多, 直播)",6,2
"(好, 步步夺金, 平安, 好医生, 健康, 直播)",6,2
"(步步夺金, 头条, 平安, 好医生, 健康, 直播)",6,3
"(问医生, 头条, 身体, 平安, 耐心, 健康)",6,2
"(步步夺金, 好, 头条, 平安, 好医生, 直播)",6,2
"(好, 头条, 好医生, 能, 健康, 直播)",6,2
"(好, 头条, 平安, 好医生, 能, 健康)",6,2
"(步步夺金, 头条, 平安, 能, 健康, 直播)",6,2
"(步步夺金, 可以, 也好, 买, 医生, 东西)",6,2
"(可以, 好医生, 平安, 知识, 健康, 夺金)",6,2
"(好, 知识, 平安, 好医生, 健康, 我们)",6,2
"(步步夺金, 越, 越办, 好医生, 健康, 平安)",6,2
"(步步夺金, 好, 头条, 平安, 好医生, 能)",6,2
"(可以, 了解, 头条, 健康知识, 健康, 多)",6,2
"(好, 步步夺金, 平安, 好医生, 能, 直播)",6,2
"(好, 步步夺金, 平安, 好医生, 能, 健康)",6,2
"(步步夺金, 平安, 好医生, 能, 健康, 我们)",6,2
"(好, 步步夺金, 头条, 平安, 好医生, 能, 直播)",7,2
"(好, 知识, 平安, 好医生, 健康, 多, 我们)",7,2
"(好, 头条, 平安, 好医生, 能, 健康, 直播)",7,2
"(好, 步步夺金, 头条, 好医生, 能, 健康, 直播)",7,2
"(好, 步步夺金, 越, 健康, 好医生, 越办, 平安)",7,2
"(步步夺金, 好, 平安, 好医生, 能, 健康, 直播)",7,2
"(好, 步步夺金, 头条, 平安, 好医生, 能, 健康)",7,2
"(问医生, 头条, 身体, 平安, 好医生, 耐心, 健康)",7,2
"(好, 步步夺金, 头条, 平安, 能, 健康, 直播)",7,2
"(好, 步步夺金, 头条, 平安, 好医生, 健康, 直播)",7,2
"(步步夺金, 头条, 平安, 好医生, 能, 健康, 直播)",7,2
"(步步夺金, 知识, 平安, 好医生, 能, 健康, 我们)",7,2
"(好, 步步夺金, 头条, 平安, 好医生, 能, 健康, 直播)",8,2
